identifiant;codeClient;typeProduit;numCdeOrigine;reperesConcernes;description;souhait;numeroLigne
R20260309001#SAVF-50425-260002;PRM265612;BOIS;BCF-50425-250011;toutes les fenêtres plein cintre;Merci de me faire un retour sure le sav précedent, problème sur les vitrages;Intervention;1
R20260309002#SAVF-48278-260007;PRM153036;HYBRIDE;2505043085;SEJOUR;Vantail de service très difficile à ouvrir. Je pense que les roulettes sont trop faibles pour le poids du vitrage. La poignée symbole n'a pas survécu à forcer quotidiennement. Le vantail secondaire fonctionne bien mais moins sollicité. Merci de me fournir des roulettes adéquates au poids du vitrage pour chaque vantail ainsi qu'une poignée symbole pour le vantail de droite svp;Envoi pièce;1
R20260309003#SAVF-57685-260003;PRM272134;ALU;2601007312;;Colis non délivré Adresse de livraison : 5 route de l'huilerie 79260 François;Envoi pièce;1
R20260309004#SAVF-55753-260002;PRM270730;ALU;2404044021;A BALDWIN;Les gâches ne tiennent pas, elles se devissent Merci d'expédier des vis avec un diamètre plus important et la meme tete.;Envoi pièce;1
R20260309005#SAVF-58565-260002;PRM272667;PVC;2601007044;;"Bonjour Il manque dans le sachet de la poignée, les vis traversantes pour fixer la plaque, la vis pointeau et la rondelle ""PVC"" de la béquille. SVP à envoyer au plus vite. Merci";Envoi pièce;3
R20260309006#SAVF-52332-260007;PRM157306;PVC;SO;SO;Bonjour, Veuillez trouver en PJ la photo des pièces dont nous avons besoin svp. - Prévoir également les embouts de rejets d'eau noir (25) et blanc (25) - Prévoir également 25 poignées (les mêmes que pour la commande 2510092962 par exemple) Cdlt;Envoi pièce;SO
R20260309007#SAVF-47831-260009;PRM146239;VOLET ROULANT;2509083492;;Bonjour Notre client a un problème, la partie tiercé est trop grande et ça ne passe pas avec la gouttière. Du coup les clients ne sont pas content et veulent des ajustements... Refaire svp un devis avec 3 vantaux, vantail repliable à gauche - vantail principal à gauche - avec une fermeture sans Dardenne au sol. facturation à 50% cdlt Thomas;Refabrication;1
R20260309008#SAVF-48519-260011;PRM155977;NEG;2602014469;;Bonjour ce n'est pas les bons gonds urgent , voir photo , idem mais en 7016 Merci d'envoyer 4 gonds  ouverture ext 180° pour portail alu albatros D3AC;Envoi pièce;1
R20260309009#SAVF-58586-260018;PRM272690;PVC;2601005918;C;MANQUE LES POIGNEES;Envoi pièce;3
R20260309010#SAVF-58586-260019;PRM272690;PVC;2601005918;A;MANQUE LA POIGNEE;Envoi pièce;1
R20260309011#SAVF-49664-260003;PRM263591;PVC;2512108389;DEPENDANCE;Bon jour, Suite à déballage sur palette, Nous avons constaté un coup sur l'ouvrant (Parclose verticale voir PJ ) Cordialement.;Envoi pièce;3
R20260309012#SAVF-49193-260003;PRM261322;PORTAIL ALU;2601001328;PORTALU-1;pas de clameau pour fixation moteur. cdlt thomas;Envoi pièce;1
R20260309013#SAVF-47888-260001;PRM147635;HYBRIDE;2511098823;1.10;Sur ce poste, nous avons livré 2 bavettes 100x100 arrondies pour l'habillage bas. Ceci ne convient pas du tout au client Merci de livrer UNE SEULE LONGUEUR de ce profil en 3500mm de long;Envoi pièce;10
R20260309014#SAVF-47228-260006;NEM306104;PVC;2511096466;CUISINE;"Les soudures d'angles de l'ouvrant de la fenêtre 1 vantail de la cuisine ne sont pas ""cleans"". Prévoir une refabrication de l'ouvrant. Voir photos jointes.";Refabrication;3
R20260309015#SAVF-52264-260011;VM646;PVC;2411104685;PE LANTANA;Sur commande 2411104685 ref.DANGUY, nous avons une crémone de PE PVC HS Merci d'envoyer un technicien la changer Bien cordialement Christophe Augereau SOLABAIE FOUGERES;Intervention;1
R20260309016#SAVF-48992-260014;PRM259924;PVC;7739966;B SALON;Refabrication cremone levier du semi fixe, et cremone ouvrant principal , 3 gaches et renvois de fouillot;Envoi pièce;2
R20260309017#SAVF-47849-260001;PRM146904;NEG;2510093236;A;bonjour le client viens de m appeller ce matin il y a eu une incompréhension le client croyais que la cote de 1914 mm était la cote passage la commune voulais changer la porte juste pour la passer en passage handicapé, elle n accepte pas la porte !!! le client veut qu on refabrique une porte tierceé hauteur hors tout de 2070 et de largueur identique avec les clips pour raccorder sur les fixes latéraux;Envoi pièce;1
R20260309018#SAVF-59061-260002;PRM273149;HYBRIDE;2507064871;1 1;Bonjour , Ci dessous mail du client Merci Cdt Jordan bjrs il y a eut de la casse a la livraison bigeard baie vitree pvc il y a a refaire le chassi entier plus carreau de celui qui a les plus pettit montant et le carreau de l autre il y a aissi toutes les baguettes de finition qui etait tordu avant l accident un consta a ete fait avec le livreur;Envoi pièce;1
R20260309019#SAVF-48170-260011;PRM151717;HYBRIDE;2601002707;A;Suite à l'appel de Julie, Il manque le joint de vitrage des menuiseries fixes. à envoyer 10 ml de joint MP087571.;Envoi pièce;1
R20260309020#SAVF-49946-260001;PRM264407;BOIS;2512111060;1 2;Bonjour Le cadre petit bois n'a pas été prévu Merci de refabriquer Cordialement,;Refabrication;2
R20260309021#SAVF-49233-260001;PRM261511;NEG;2601001412;CH SOUS-S;erreur de saisie - commande faite par le client poussant gauche et relpiement du meme cote.;Refabrication;4
R20260309022#SAVF-48703-260012;PRM157637;BOIS;2509081428;A;Bonjour, Notre client n'a jamais reçu ce CHRONOPOST. Statut en attente de livraison le 130226 et toujours pas livré, colis bloqué sur le site de CHRONOPOST de DIJON, ticket ouvert il y a 1 semaine et statut toujours le même. Merci de renvoyer ce colis en gratuit. Adresse de livraison vérifié avec notre client et ok. VERGUI;Envoi pièce;1
R20260309023#SAVF-58573-260002;PRM272677;VOLET ROULANT;2602014102;;Bonjour Veuillez trouver ci joint les photos de la sous face abimé Merci de nous renvoyer la sous face au plus vite Cdt;Envoi pièce;2
R20260309024#SAVF-47564-260019;PRM137343;PVC;2511100305;ENTREE;pour les postes 001 et 004 renvoyer des caches noires manquants idem photo ci-jointe;Envoi pièce;1
R20260309025#SAVF-52638-260001;PRM267775;PORTAIL ALU;2506053548;PORTALU-1;SUITE A UNE CASSE SUR CHANTIER MERCI DE CHIFFRER UNE BUTEE DE FIN COURSE EN FIN DE RAIL BONNE RECEPTION GUILLAUME HURTELOUP;Envoi pièce;2
R20260309026#SAVF-21443-260009;PAM293822;ALU;2512106456;G;Bonjour ,lors du déballage le montant et abimé manque de peinture voir photo jointe , merci de nous envoyer le montant, voir position en pièce joint .;Envoi profil;7
R20260309027#SAVF-49664-260004;PRM263591;PVC;2511103050;ETG ARRIERE;bonjour, Tâche à l'intérieur de la vitre (voir PJ). Cordialement.;Envoi pièce;4
R20260309028#SAVF-50334-260028;PRM265373;HYBRIDE;2310103724;LAPERDRIX;Bonjour, Merci de nous faire parvenir pour cette PF un embout de battée basse pour semi-fixe car celui-ci n'est pas présent. Cdlt Magali;Envoi pièce;4
R20260309029#SAVF-50334-260029;PRM265373;HYBRIDE;2507060749;B;Bonjour, Merci de nous faire parvenir pour ce châssis embout de battée haut et bas. Cdlt Magali;Envoi pièce;2
R20260309031#SAVF-49612-260001;PRM263422;VOLET ROULANT;2601000746;DROITE EXT;Bonjour nous n'avons pas eu suivant photo les espagnolettes plates car nous avons des VR existants et pour que cela passe , il fallait les espagnolettes suivant photo vu avec le client fournir pour les 2 pfe et afin d'être uniforme , pour les 2 autres VB en SAV URGENT pour finir son chantier Pour info , il est content du produit et de sa qualité;Envoi pièce;2
R20260309031#SAVF-57053-260002;PRM271693;PVC;BCF-57053-250018;,;Bonjour, Un caches fiches d'oscilot battant ne cesse de se retirer a cause de vis mal visser, le cache a donc pris un mauvais plis. Pouvez vous me faire parvenir un jeu de caches fiches pour oscillot battant merci par avance.;Envoi pièce;2
R20260309033#SAVF-49153-260006;PRM261075;PVC;2512110526;SALON;Bonjour Manque la poignée et la gâche centrale du peine de la serrure. Pouvez vous nous les retourner svp. S.Salutations;Envoi pièce;5
R20260309034#SAVF-49788-260022;PRM263931;PVC;2512108942;6;Bonjour ligne 6 repere ch2, vitrage rayé a remplacer .voir photo Il nous manque aussi les capuchons noir pour les pieces d'appui des fenetres pvc 5 ( pour toute les fenetres ) merci de me renvoyer cordialement Herve MERIC;Envoi pièce;6
R20260309035#SAVF-56154-260002;PRM271021;PVC;2602015877;d;modifier le rep d car il y a un sous bassement qui à été oublié en saisie, la refab d'ouvrant du rep d;Envoi pièce;4
R20260309036#SAVF-58589-260020;PRM272693;PVC;2512107658;ETAGE;Erreur pour tout les repères : Reçu 78 pattes équerres classique au lieu des pattes pour iso de 200 MP56924. Renvoyer en urgence 78 pattes de fixation MP56924;Envoi pièce;1
R20260309037#SAVF-48893-260009;PRM259253;HYBRIDE;2511101582;A;Il y a eu une erreur du commercial lors du devis. Il fallait une hauteur de 1865 et non 1965mm. Merci de refabriquer. pièce jointe : la demande du client qui était dans ACE.;Refabrication;1
R20260309038#SAVF-49725-260002;PRM263744;PVC;2509073882;ENTREE;poignee casse merci de me faire parvenir une nouvelle;Envoi pièce;5
R20260309039#SAVF-51416-260007;PRM267060;PORTAIL ALU;2504040401;PORTALU-1;Bonjour, Nous rencontrons un problème avec la motorisation de portail de notre cliente. Le portail s'ouvre et se ferme très lentement. Nous avons vérifié l'alimentation du portail et tout est bon de ce côté. Après échange avec la hotline de SOMFY, il nous on conseillé de changer la carte mère du moteur. Auriez-vous la possibilité de nous fournir une carte afin que l'on procède à son remplacement et vous retourner l'ancienne carte. Dans l'attente de votre retour. Cordialement M GRY Damien;Envoi pièce;1
R20260309040#SAVF-60317-260001;PRM274169;HYBRIDE;2507067229;PF09/GD/ELEC;saisi en tringle alors que tous le chantier est en elec. Renvoyer 2 kits de motorisation au chantier SVP;Envoi pièce;2
R20260309041#SAVF-50564-260023;PRM265893;HYBRIDE;2509081955;A G;fournir 3 nouvelles gaches ci joint photo;Envoi pièce;1
R20260309042#SAVF-51549-260006;PRM267259;PVC;2307071427;F - SALLE D'EAU;Bonjour L'ouvrant du châssis est fissuré Passe t'il en SAV Auquel cas merci de nous faire le devis;Envoi pièce;6
R20260309043#SAVF-59882-260014;PRM273822;PVC;2505048070;F;la crémone de la porte d'entrée est hs une pièce est cassée, merci de faire la prise en charge sous garantie;Envoi pièce;1
R20260309044#SAVF-49523-260006;PRM263125;HYBRIDE;2408079057;G;Bonjour, Nous avons le moteur de ce repère qui est HS . Merci de nous faire parvenir un moteur au 16bis rue Charles Dufour 80640 Hornoy le bourg Bien cordialement Alexandre;Envoi pièce;7
R20260309045#SAVF-59873-260001;PRM273815;VOLET ROULANT;2512108898;;Manque les 3 Emetteurs Keygo IO 4 Canaux Reçu 2 colis au lieu de 3;Envoi pièce;1
R20260309046#SAVF-59423-260002;PRM273427;PVC;2511098945;B;BONJOUR IL MANQUE UNE GRILLE DE VENTILATION MERCI CDLT;Envoi pièce;1
R20260309047#SAVF-58993-260001;PRM273091;PVC;2512110974;WC;Erreur JPL lors de la retranscription, il fallait dimensions hors tout et non tableau REFAB DIM TABLEAU 680 HT X 500 L;Envoi pièce;5
R20260309048#SAVF-51768-260002;PRM267535;HYBRIDE;2504035166;ENTREE;Suite appel de notre client refabrication des 2 ouvrants complet de la cde sav 2601003288 mais en tirant droit FACTURE A 0? VIVIANE;Refabrication;1
R20260309049#SAVF-49523-260007;PRM263125;HYBRIDE;2108085999;F;Bonjour, Nous avons le moteur de ce repère qui est HS . Merci de nous faire parvenir un moteur au 16bis rue Charles Dufour 80640 Hornoy le bourg Bien cordialement Alexandre;Envoi pièce;6
R20260309050#SAVF-60767-260002;PRM274510;HYBRIDE;2512109392;1.1;Suite à l'appel de l'artisan, il nous informe qu'il n'a pas reçu de colis d'habillage sur cette commande. Il a fallu qu'il se débrouille de son côté. Merci de faire un avoir de ces habillages intérieurs et extérieurs non reçus.;Envoi pièce;1
R20260309051#SAVF-51715-260002;PRM267475;ALU;2512105391;entree;Bonjour pouvez-vous nous faire parvenir 3 plats de 40 alu 7016 satiné de 2500mm en SAV payant. Cdt;Envoi pièce;1
R20260309052#SAVF-51699-260015;PRM267453;HYBRIDE;2511099556;A;Défaut d?équerrage sur ouvrant. 1mm sur 250, soit presque 1cm de faux équerrage sur la hauteur de l?ouvrant refabrication ouvrant;Envoi pièce;1
R20260309053#SAVF-57142-260001;PRM271758;BOIS;2512111059;CYLINDRE;LE CLIENT N'A RECU QUE 2 CYLINDRES AU LIEU DE 3 VOIR PHOTOS;Envoi pièce;5
R20260309054#SAVF-53333-260005;PRM268548;ALU;2512108877;a;Le vitrage est cassé sur le bas;Envoi pièce;1
R20260309055#SAVF-48263-260001;PRM152873;PVC;2601000903;ANNEXE ETAGE;Bonjour, Urgent, Tous les appuis de cette CDE sont a refabriquer en surlongueur de 60 mm de chaque côté. Problème de paramétrage DIAP, sur le dormant Réno sans Ailes ont ne peut pas saisir de surlongueur d'appui alors qu'il en faut obligatoirement car l'ancien appui est enlevé et le nouvel appui glissé sous l'ancien dormant il faut de quoi combler l'ancien bâti+ les rainures des habillages ext. Un autre SAV va etre déclaré pour la même chose réf BAFOI CINTRE 2;Envoi pièce;1
R20260309056#SAVF-49938-260006;PRM264377;BOIS;2111111197;1;la serrure est cassé;Envoi pièce;1
R20260309057#SAVF-52264-260012;VM646;HYBRIDE;2202020366;SEJOUR;Sur cde 2202020366 ref.PETITPAS, nous avons un vantail bloqué fermé Nous sommes déjà intervenu plusieurs fois sur ce coulissant Merci d'envoyer un technicien Bien cordialement Christophe Augereau SOLABAIE FOUGERES;Intervention;1
R20260309058#SAVF-49189-260004;PRM261314;PVC;2509081204;FACE AVANT ET PIGNON HAUT G;Manque caches pour joues de volets;Envoi pièce;1
R20260309059#SAVF-50215-260017;PRM265070;PVC;2601007206;COMP COL QUI;Bonjour, Produit livré abimé chez HOUSE CONCEPT par notre transporteur Groussard ce lundi 9 mars 2026. Le seuil est cassé à la jonction du montant (voir photo). Il aurai peut fallu mettre un bois sous le seuil sur toute la longueur... Merci de relivrer un dormant en urgence ... la pose est prévue semaine prochaine. Cdt Pascal A;Envoi pièce;2
R20260309060#SAVF-48263-260002;PRM152873;PVC;2601001352;MAISON RDC HALL ENTREE;Bonjour, SAV IDEM CDE réf BAFOIL CINTRE 1 Urgent, Tous les appuis de cette CDE sont a refabriquer en surlongueur de 60 mm de chaque côté. Problème de paramétrage DIAP, sur le dormant Réno sans Ailes ont ne peut pas saisir de surlongueur d'appui alors qu'il en faut obligatoirement car l'ancien appui est enlevé et le nouvel appui glissé sous l'ancien dormant il faut de quoi combler l'ancien bâti+ les rainures des habillages ext. Merci VERGUI.;Envoi pièce;1
R20260309061#SAVF-58588-260002;PRM272692;PVC;2512106197;A;LA COMMANDE ETAIT PREVUE AVEC 1 BAVETTE ALU/CORNIERE ALU POUR COUVRIRR DEVANT LE SEUIL ALU DE 60X40 M'ENVOYER SVP CETTE CORNIERE;Envoi pièce;1
R20260309062#SAVF-52197-260008;PRM267774;PVC;2602014110;A;Bonjour, mon bon de cde n'a pas été retranscrit correctement concernant l'ensemble serrure / poignée. j'ai demandé un serrure tirage direct /man?uvre à clé avec béquille double (cette serrure ne peut fonctionner qu'avec une béquille double) et sur la confirm il a été mis une poignée de tirage ext + béquille int. On ne peut donc pas ouvrir la porte depuis l'extérieur. Afin de corriger le problème au plus vite, je souhaite que l'on envoie en urgence une béquille double BLC comme précisée sur ma cde ACE360. cdt;Envoi pièce;1
R20260309063#SAVF-48502-260002;PRM155846;PVC;2503026344;A;bonjour des traces sont entre les deux vitres ,donc impossible a nettoyer sur deux vitrages;Envoi pièce;1
R20260309064#SAVF-50483-260002;PRM265740;NEG;2601002793;;Manque 1 bouchon beige pour boucher les trous de perçages - Livré 13 bouchons il en faut 14. Merci de livrer gratuitement 1 bouchon beige;Envoi pièce;1
R20260310001#SAVF-50215-260018;PRM265070;NEG;2507062494;CLOALU-B;Serait il possible de me faire partir un poteau en urgence svp pour finir la cloture . un soucis avec un poteaux je le paie biensur;Envoi pièce;7
R20260310002#SAVF-50215-260019;PRM265070;PVC;2411107876;RDC-ACCES COULOIR;Pouvez vous me renvoyer des verrous de semie fixe sur les portes fenetre il ont lacher comme si le ressort interieur avez lacher je pourrais vous renvoyer les deffecteux si besoins;Envoi pièce;4
R20260310003#SAVF-55044-260001;PRM269678;PVC;2601001214;;La poignée ne va pas sur la plaque de la serrure. Merci d'envoyer la bonne poignée.;Envoi pièce;4
R20260310004#SAVF-57328-260004;PRM271894;PVC;2601003257;PE;poignée blanche des deux cotés il faut une poignée et une plaque inox extérieur merci;Envoi pièce;1
R20260310005#SAVF-50402-260002;PRM265566;HYBRIDE;2501003610;A;Bonjour, Les 2 cremones de la baie coulissantes sont a remplacer. Les gorges ou se glissent les crochets sont déformées et les crochets se mettent de biais. Mickael ATTS;Envoi pièce;1
R20260310006#SAVF-59287-260007;PRM273330;HYBRIDE;2507068008;R4 41 CUI 120-01;Bonjour, Suite erreur de saisie de sens, merci de relancer cette menuiserie en tirant droit vue intérieur en SAV gratuit. Contact et adresse de livraison PRM273330 Samba DIALLO 07 50 62 14 74 CHANTIER SPIE BOYER 9 RUE HENRI DESGRANGES 75012 PARIS-12E-ARRONDISSEMENT;Envoi pièce;11
R20260310007#SAVF-59287-260008;PRM273330;HYBRIDE;2507068008;R5 51 SEJ 120-01;Bonjour, Suite à dégradation sur chantier du placage bois sur quelque dormant, avons nous une solution pour remédier à ces problèmes. Merci pour votre retour. CHANTIER SPIE BOYER ANGLE RUE DE BERCY / RUE HENRI DESGRANGES 75012 PARIS-12E-ARRONDISSEMENT;Information atelier;1
R20260310008#SAVF-49061-260002;PRM260452;BOIS;2512106971;1 1;Bonjour Cette menuiserie devait être usiné cela n'a pas été fait je vais la récupérer ce jour pour la déposer à l'usine de CHOLET pour idéalement la reprendre jeudi après midi. Merci d'avance Bonne réception Lucie PAVAGEAU;Envoi pièce;2
R20260310009#SAVF-58580-260004;PRM272684;FRISE PVC;2601008215;a;Bonjour, nous avons reçu des lames pvc sur la commande 2601008215 SUR l'ensemble il y a une incohérence. Vous avez livré dans le lot 4 lames en hauteur 120mm SUR TOUTE LA COMMANDE Mais il y en a 4 de hauteur 130mm sur 1m80 Merci de nous livrer 4 lames en SAV LARGEUR 120mm LONGUEUR 1800mm comme le reste de la commande;Envoi pièce;a
R20260310010#SAVF-52197-260009;PRM267774;PVC;2507061464;A;Gâche électrique ne fonctionne plus.... La gâche fonctionne aléatoirement, porte installé chez un électricien donc tout les test on été fait.. Merci de prendre en garantie et de me renvoyer une gâche Bonne journée Alexandre;Envoi pièce;1
R20260310011#SAVF-48187-260002;PRM152007;NEG;2602011593;;NOUS AVONS FOURNIS UN BARREAU CONTEMPORAIN AU LIEU DE LA REF 612 AVE GRAIN D'ORGE A REFOURNIR EN URGENCE;Envoi pièce;2
R20260310012#SAVF-47603-260002;PRM139518;VOLET ROULANT;2009050521;1;moteur HS EXPEDIER MOTEUR;Envoi pièce;1
R20260310013#SAVF-48393-260004;PRM154324;PVC;2506055061;;Suite à l'appel de l'artisan, il me dit ne pas retrouvé ce colis et il n'est plus possible de voir le suivi Chronopost. Merci de renvoyer ce colis.;Envoi pièce;1
R20260310014#SAVF-47896-260027;PRM147789;HYBRIDE;2307073335;FACADE RDC;Malgré le passage d'un de vos techniciens l'année dernière en date du 20/03/25 - voir quitus ci joint, pour le remplacement de parcloses et mise en place de pare tempête, il y a toujours une infiltration, un passage d'eau sur la menuiserie.... Merci de bien vouloir réintervenir. Cordialement, Céline;Envoi pièce;6
R20260310015#SAVF-50564-260024;PRM265893;PVC;2301009625;CUISINE;FOURNIR UNE PARCLOSE BASSE DE L'OUVRANT DE DROITE A FACTURER MERCI;Envoi pièce;7
R20260310016#SAVF-51050-260001;PRM266627;PVC;2601002123;SALLE A MANGER;Bonjour, a l'intérieur de la maison, il y a une petite pièce en plastique qui fait la longueur de la Porte-fenêtre au niveau de l'appui. Le client va envoyer la photo par mail. Estelle.;Envoi pièce;1
R20260310017#SAVF-48926-260003;PRM259524;PVC;2103024825;Entrée ANEMONE;Bonjour, Le boitier crémone est HS. La porte ne ferme plus à clé. Merci de nous mettre en commande la crémone serrure pour la porte PVC ANEMONE et me communique le tarif au plus vite. Cordialement;Envoi pièce;1
R20260310018#SAVF-50281-260003;PRM265231;VOLET ROULANT;2202014008;B;Bonjour Sur le repère 2, le moteur du volet roulant est défectueux. Le moteur ne monte plus et ne descend plus. Il ne réagit plus. Je vous remercie de nous adresser un nouveau moteur en SAV. Restant à votre disposition. Vous remerciant. Cordialement. Stéphanie MONTEIL SARL SUQUET 05 63 58 05 72;Envoi pièce;2
R20260310019#SAVF-52197-260010;PRM267774;PVC;2602014110;A;Bonjour, attention en complément de ma réclamation d'hier, le client a démonté la béquille double de sa PE Vison d'exposition pour pourvoir fermer correctement la porte PVC de ce chantier où nous n'avons pas envoyé la bonne béquille double. Par conséquent il faut envoyer une béquille double pour PE Vision (celle qui a été dépouillée dans son expo pour le dépannage) finition Inox avec vis longues. d'avance merci. cdt;Envoi pièce;1
R20260310020#SAVF-49941-260003;PRM264387;PVC;2504035621;A;Bonjour, merci de me renvoyer une battue du vantail semi fixe fixe de la ligne 1.;Envoi pièce;1
R20260310021#SAVF-50064-260004;PRM264727;HYBRIDE;2511101512;CH PARENTS;Bonjour, sur ce repère CH PARENTS, la battue int de la PF2 a été abimée au transport (alu BLC). à renvoyer en urgence svp. cdt;Envoi pièce;6
R20260310022#SAVF-50911-260018;PRM266462;BOIS;2512106187;CHAMBRE 1;Comme vu avec Frédérique TOUZIN et Francky DURAND il y aurait un défait de fabrication des ouvrants qui rend difficile la fermeture de cette fenetre;Envoi pièce;1
R20260310023#SAVF-50384-260007;PRM265528;ALU;2601002753;CHAMBRE;2 largeurs de couvre joints manquantes;Envoi pièce;3
R20260310024#SAVF-48654-260031;PRM157237;NEG;1706027236;1;Rail courroie moteur PG HS - à remplacer svp;Envoi pièce;1
R20260310025#SAVF-51678-260001;PRM267428;PVC;2601002907;B;LE VITRAGE FOURNI N'EST PAS POUR NOTRE CLIENT - MERCI DE FAIRE LE NECESSAIRE RAPIDEMENT SVP C'est celui de LAURET SOLABAIE;Envoi pièce;3
R20260310026#SAVF-52513-260009;PRM268201;PVC;2601004814;CHB 1+2;il manque les caches des VR sur cette commande - signalé sur le BL chauffeur a la livraison;Envoi pièce;1
R20260310027#SAVF-52513-260010;PRM268201;PVC;2505041621;E;manque 2 poignées + caches des 2 mensuieries;Envoi pièce;5
R20260310028#SAVF-47699-260009;PRM142499;HYBRIDE;2601004482;1 1;manque 1 butée pour le coulissant;Envoi pièce;1
R20260310029#SAVF-50366-260002;PRM265488;PVC;2601009084;;Merci de me faire parvenir 8 caches noirs qui vont sur les drainages des traverses et un stylo retouche pour tenter de reprendre les imperfections défaut vu à la livraison assemblage mécanique médiocre manque cache noir. MARTAI;Envoi pièce;5
R20260310030#SAVF-47677-260003;PRM141927;PVC;2603020775;;SAV DU SAV COUVRE JOINTS DE NOUVEAU MAL COUPES VOIRPHOTOS RENVOEZ COUVR JOINT VERIFIER LA COUPE AVANT DE LES FAIRE PARTIR;Envoi pièce;1
R20260310031#SAVF-47677-260004;PRM141927;PVC;2603020775;;IDEM REPERE 1 SAV DU SAV VOIR PHOOS RENVOYEZ COUVRE JOINTS PHOTOS ENVOYEZ A PART;Envoi pièce;2
R20260310032#SAVF-50911-260019;PRM266462;PVC;2601006862;CUISINE ET CHAMBRE;problème de paramétrage demandé en 3182 alors qu'il y a un double fichage donc profil 3084. REP 001 ET 002 MARTAI;Envoi pièce;001 ET 002
R20260310033#SAVF-49393-260019;PRM262482;NEG;2601003700;;Bonjour, (voir photo) l'habillage EXT marron ral 8014 du hublot carré de droite vu EXT est endommagé à la sortie de l'emballage. Veuillez m'en renvoyer un SVP et en même temps le client désire une 3ème télécommande portative Sommer. Veuillez l'ajouter et vous pouvez facturer celle-ci. Merci;Envoi pièce;1
R20260310034#SAVF-54009-260003;PRM268959;PORTAIL ALU;2407073971;PORTALU-1;LE MOTEUR DISFONCTIONNE. LA CLIENTE N'ARRIVE PLUS A FERMER SON PORTAIL ENVOYER UN TECHNICIEN EN URGENCE CHEZ BIMBARD MADELEINE CHEMIN GRANDSAIGNE 63600 AMBERT;Intervention;2
R20260310035#SAVF-56551-260032;VM703;PVC;2603018757;;Bonjour, j'ai commandé des plats en plaxé Noir graphite mat Ral 9011 DT 043 - Finition : 1 J'ai reçu des plats qui ne sont pas de la couleur demandée, voir photo ci-jointe. Merci de renvoyer les plats de la bonne couleur.;Envoi pièce;1
R20260310036#SAVF-51582-260004;PRM267305;NEG;2103028869;1;Bonjour, Notre client nous signale que de la condensation apparait dans le vitrage de sa porte d'entrée (voir photo) et nous demande ce qui peut être fait. Pouvez-vous nous faire un retour pour lui apporter une réponse svp ? Merci par avance,;Refabrication;1
R20260310037#SAVF-49895-260001;PRM264234;PVC;2312118272;PORTE PVC FIRST;Bonjour, Pour une question pratique, le client me demande si l?on peut changer la serrure a relevage par une automatique ? Dans l?attente de votre réponse.;Envoi pièce;1
R20260310038#SAVF-49895-260002;PRM264234;NEG;2401012274;A;Bonjour M Boutault, en mai ou juin 2024 j'ai commandé une fenêtre plein cintre en alu blanc pour la ref INDIVISION RAYMOND (je n'ai plus AR) . Il y a sur chaque paumelles un système de réglage par excentrique pour pouvoir régler les vantaux. a l'époque de nla pose je n'ai pas eu besoin de m'en servir et je n'ai donc pas vu que finalement ce système n'ai présent que sur 1 paumelle se qui pose un problème aujourd'hui pour le faire. En PJ de photos des paumelles. Merci de me tenir informé svp.;Envoi pièce;1
R20260310039#SAVF-47477-260001;PRM043557;PVC;2502020564;SALON;Bonjour, Nous avons passé une commande N° 2502020564 au 18/03/2025. A ce jour, le client constate un défaut sur une fenêtre à deux vantaux OB, (vue intérieure le vitrage de droite), il y a une bulle d'air, le client s'en est aperçu en nettoyant les vitres (maison secondaire, donc pas toujours présent et cela a été remarqué assez tardivement), Merci de nous faire le remplacement de ce vitrage au plus vite, dans cette attente, Cordialement, Christine LOUETTE Secrétaire de Direction;Envoi pièce;3
R20260310040#SAVF-58589-260021;PRM272693;PVC;2505047195;GARAGE;Le panneau de la porte de service a cloqué. Merci d'intervenir pour le remplacement de ce panneau. La personne à contacter est Freddy MIREBEAU (conducteur de travaux HTM) dont le numéro est sur la fiche client. Aurélie MONDEJAR;Intervention;5
R20260310041#SAVF-49434-260004;PRM262691;VOLET ROULANT;2511102763;M3 CH2;Bonjour, Il manque deux lames sur le tablier et le tablier n?occulte bien . Pouvez-vous svp les faire livrer. Merci;Envoi pièce;3
R20260310042#SAVF-47243-260019;NEM306870;PVC;2511103046;CUISINE;"Merci de bien vouloir nous envoyer au siège social de la société MATCO - 77 cours St Georges - 24000 PERIGUEUX 2 pares tempêtes pour ce châssis car manquantes et de noter sur le colis la référence ""SAV CARTIER"". Vous remerciant par avance,";Envoi pièce;2
R20260310043#SAVF-21443-260010;PAM293822;ALU;2512107017;A ET B;Bonjour , avec les Menuiserie AM X , pour les REP A ET REP B nous avons pas de carton accessoire (poignée , anti dégondage , gâche etc.) nous avons poser hier , et bloquer les ouvrant merci de nous livrer le colis manquant au plus vite URGENT.;Envoi pièce;001 ET 002
R20260310044#SAVF-50957-260001;PRM266517;PORTAIL ALU;2510089464;PORTPVC-1;Bonjour, la cliente finale n'accepte pas la position trop basse de la poignée. J'ai rencontré cette cliente pour lui expliquer qu'il n'était pas possible de positionner la poignée plus haute (voir croquis). Après négociation, elle acceptera le portillon en l'état sous réserve que notre client Portes des Albères lui pose une poignée blanche. Merci de refournir un ensemble poignée + plaques blanches. Merci JP LANGUEDOC ATC Pyrénées Orientales;Envoi pièce;2
R20260310045#SAVF-51008-260014;PRM266579;HYBRIDE;2511101704;1.1;MANQUE PROFIL DE JONCTION VERTICAL ENVOI EN URGENCE SVP;Envoi pièce;1
R20260310046#SAVF-51961-260005;VM385;PVC;2304036339;ESPACE CUIS;Moteur HS. Merci de nous fournir un nouveau moteur. Nouveau numéro de commande 11445970. Aurélie MONDEJAR;Envoi pièce;4
R20260310047#SAVF-50056-260006;PRM264712;ALU;2512107511;12;vitrage manquant repère 12;Envoi pièce;12
R20260310048#SAVF-47754-260002;PRM144992;BOIS;1603010052;renoncule;merci de renvoyer un ensemble poignee modele ella rosase F9 poignee hs;Envoi pièce;1
R20260310049#SAVF-47149-260003;PRM265796;VOLET ROULANT;2111116516;A;Bonjour, La batterie et le moteur du volet roulant solaire ne fonctionne plus. Merci de nous faire parvenir les pièces en replacement car encore sous garantie.;Envoi pièce;1
R20260310050#SAVF-58589-260022;PRM272693;PVC;2504038243;CHB 1;Crémone HS. Merci d'intervenir au plus vite pour le remplacement de la crémone. Aurélie MONDEJAR;Envoi pièce;2
R20260310051#SAVF-53100-260003;PRM136516;PVC;2511100102;310 T6 ALLEGE;manque 1 jet d'eau sur ouvrant principal envoyer dépot a l intention de jean-pierre;Envoi pièce;3
R20260310052#SAVF-49551-260018;PRM263191;NEG;2402013089;;Moteur + rail défaillant;Envoi pièce;1
R20260310053#SAVF-49902-260017;PRM264264;VOLET ROULANT;2506055220;DROITE VUE INT;Bonjour, Nous avons chez ces clients, un émétteur AMY IO qui consomme des piles a outrance, Pouvez vous nous le changer svp ? Bien cordialement, Ophélie LEVILLAIN;Envoi pièce;1
R20260310054#SAVF-49902-260018;PRM264264;ALU;2002011744;1;Bonjour, Il s'agit d'une crémone MACO de la série defectueuse, Toutes mes excuses, il s'agit d'un oubli de saisie de ma part, Pouvez vous nous faire renvoyer une crémone en SAV ? Bien cordialement, Ophélie LEVILLAIN;Envoi pièce;1
R20260310055#SAVF-60652-260002;PRM274418;HYBRIDE;2512107728;07 BAT 2 REP B;URGENT ----------- MERCI DE REFABRIQUER LE CHASSIS COMPLET AU COTES SOUHAITEES. J'AVAIT ENVOYE DES PLANS POUR CE CHASSIS CAR IL ETAIT SPECIFIQUE. PLANS QUI N'ONT PAS ETE PRISE EN COMPTE. LE CLIENT SE RETROUVE BLOQUE. MERCI DE REFABRIQUER AU PLUS VITE CE CHASSIS. JE VOUS REMET LES PLANS EN PJ AVEC LES COTES SOUHAITES (LARGEUR ENTRE TAPEES DE 1450MM / FIXE=480 + OB = 970) MERCI D'AVANCE.;Envoi pièce;14
R20260310056#SAVF-51921-260001;VM058;HYBRIDE;2101008848;B;Constat : suite échange avec client et photo, les vantaux sont équipés de chariots à trains de billes et de chemin de roulement pour chariots à roulettes. Des chariots ont déjà été remplacés / le chemin de roulement extérieur est HS Souhait : Envoi de 4 chariots à roulettes + 2 chemins de roulement compatibles Attention Envoi à faire à VM LA PLAINE PRM272653 avec référence AMFS;Envoi pièce;2
R20260310057#SAVF-52143-260028;PRM267945;HYBRIDE;2512110836;SALON;Bonjour, suite à visite chantier du 27.01 j'ai constaté plusieurs défauts (en lien tel avec ST Sauveur) dont un majeur: 1/ nous avons un faux équerrage de l'ouvrant inexplicable (entre 3 et 5 mm après vérification) 2/ 1 faux aplomb côté paumelles (vissées à fond, donc plus de jeu) 3/ presque pas de jeux dessous ce semi-fixe au droit de la fermeture des verrous. les clients finaux sont hyper tatillons et nous ont accueillis avec équerre et niveau laser. Je pense qu'il est indispensable de refabriquer cet ouvrant (sans facturation) et prenant soin de vérifier en détail l'équerrage avant expédition cdt;Envoi pièce;1
R20260310058#SAVF-48107-260004;PRM150720;PVC;2602017452;F 14SP;PAS LE BON VITRAGE DE LIVRÉ;Envoi pièce;1
R20260310059#SAVF-58517-260006;PRM272746;PVC;2512106534;236   SEJ PF1 1 VR 3;il manque des lames sur le tablier qui ne va donc pas jusqu au bas de la menuiserie merci de refournir les lames manquantes;Refabrication;7
R20260310060#SAVF-47651-260014;PRM141281;PVC;2511097280;A;porte d entrée pvc en coloris noir extérieur . traverse d un coloris diffèrent . ce n est pas la même teinte ou le même coloris. refabriquer l'ouvrant de la PE en coloris d 'origine et identique a l'arc. Merci;Envoi pièce;1
R20260310061#SAVF-48257-260001;PRM152832;PVC;2511103465;SDB;Tache dans le vitrage voir photo jointe;Envoi pièce;1
R20260310062#SAVF-47575-260023;PRM138372;VOLET ROULANT;2510094575;CUISINE;Bonjour, Télécommande HS merci de nous faire parvenir une nouvelle Bien à vous;Envoi pièce;1
R20260310063#SAVF-50175-260001;PRM265001;PORTAIL ALU;2203032244;PORTALU-1;LE CLIENT A DU CHANGER LES CELLULES IL S'EST DEPANNER AVEC UNE AUTRE REFERENCE MERCI DE LUI ENVOYER UN CHRONOPOST DE RETOUR POUR RECUPERATION DES CELLULES ANALYSES ET RENVOI EN FONCTION DE LA DATE DE GARANTIE ET DU DEFAUT TROUVE BONNE RECEPTION;Envoi pièce;1
R20260310064#SAVF-48161-260009;PRM151513;PVC;2511097087;ENTREE;Gâche centrale posée à l'envers et ce n'est pas la bonne, pas le bon sens.;Envoi pièce;1
R20260310065#SAVF-60559-260002;PRM274343;PVC;2510094485;A502GC SEJ PF3-A;sur le chantier les joues de façades ne tiennent pas pendant transport avant que scotch soit mis manque insert obturateur ventilation dormant en partie haute sur 5 menuiseries manque quelques bloqueurs de manivelle avec sa vis cache fiche ob Droite et gauche merci d'expédier sur le chantier 30 joues de façades blanche de 220 5 obturateurs de ventilation 20 bloqueurs de manivelle et sa vis 10 cache fiches ob Droite et Gauche complets blanc accord de Denis Bouaissier à titre commercial;Envoi pièce;1
R20260310066#SAVF-56127-260004;PRM271006;PVC;2603019962;SEJOUR;L'ensemble des PB sont inutilisables. Merci de les renvoyer en urgence en les protégeant correctement svp.;Envoi pièce;1
R20260310067#SAVF-47190-260001;PRM267016;NEG;2405045452;;Nouveau problème de rouille sur les supports. Merci de voir avec SOMFY s'il existe des supports capable de résister sur l'île d'Oléron (Notre client à fait un mail en direct à SOMFY de son coté);Envoi pièce;1
R20260310068#SAVF-48726-260005;PRM157881;PORTAIL ALU;2512109054;PORTALU-1;Bonjour. Il me manque la platine d'une cellule.;Envoi pièce;1
R20260310069#SAVF-50973-260009;PRM266534;PVC;2512108804;CELLIER;Bonjour, En installant le porte on a constaté que le cadre de l'ouvrant était abîmé en haut à gauche vue INT. (VOIR PHOTOS). Veuillez refabriquer le cadre de l'ouvrant. On conserve le panneau parecloses quincaillerie. Assez urgent.;Refabrication;1
R20260310070#SAVF-49911-260007;PRM264297;HYBRIDE;2408076978;SALON;Ligne 002 et 003 Les gâches dormants cassent voir photos. Livrer gratuitement 8 gâches de remplacement merci.;Envoi pièce;2
R20260310071#SAVF-58956-260001;PRM273062;PVC;2512111671;;Erreur de ma part, j'ai oublié de modifier la commande - le client voulait des boutons moletés même variure sur toutes les portes. cdlt thomas;Envoi pièce;9
R20260310072#SAVF-53963-260005;PRM268928;VOLET ROULANT;Commande fournisseur BCF-53963-250066;sdb et chambre;suite a installation, il s'avère qu'il manque des lames sur la tablier. VOIR PHOTO Manque lames sur repère : 003 sdb qté 2 004 chambre qté 2 Merci Mr REY;Envoi pièce;003/004
R20260310073#SAVF-48618-260001;PRM156904;PVC;2512111637;;manque 1 element sur gond + battement abimé. lemarchandel 33 route de la croix baffariaie 50640 husson 06.59.50.74.51;Intervention;2
R20260310074#SAVF-54613-260001;PRM269360;PVC;2601003589;A;bulle dans 1 vitrage des fixes.;Envoi pièce;1
R20260311001#SAVF-51764-260008;PRM267531;HYBRIDE;2510090433;A;Bonjour, Pouvez-vous nous fournir svp : - 1 plat de 40 mm lg 2350 mm pour le repère CUISINE - 2 couvre-joints de 80 mm lg 2300 mm pour le repère A - 1 couvre-joint de 80 mm lg 2500 mm pour le repère A;Envoi pièce;1
R20260311002#SAVF-58579-260002;PRM272683;HYBRIDE;2511098704;SEJOUR;Bonjour, Pouvez vous ne refournir 2 chariots pour le vantail principal, notre menuisier nous indique que les vis tournent dans le vide quand il veux remonter le vantail pour le réglage. Dans l'attente de votre prise en charge. Cordialement,;Envoi pièce;1
R20260311003#SAVF-50078-260014;PRM264749;BOIS;2512108478;1;Défaut de couleur MARTAI;Envoi pièce;1
R20260311004#SAVF-49551-260019;PRM263191;PVC;2109090542;B;Bonjour, le moteur du volet ne répond plus, merci de nous renvoyer un kit complet. Par avance merci M. CROCHET;Envoi pièce;4
R20260311005#SAVF-47217-260007;NEM004433;HYBRIDE;2203028096;A;Bonjour, Après avoir fait une première réclamation concernant le panneau de la porte d'entrée, il s'avère que le panneau actuel est toujours le même, il gondole. En pièce jointe, le nouveau panneau est posé. Si vous souhaitez effectuer une analyse, l'ancien panneau a également été conservé dans notre dépôt. Je vous remercie, dans le cadre de la garantie, de nous fournir de nouveau un panneau de porte d'entrée. 1ère demande n° : R2203028096-001 Cordialement, Laura GOMEZ Responsable Qualité/SAV;Envoi pièce;1
R20260311006#SAVF-47193-260024;NEM001529;PVC;2511103470;SEJOUR;encore une fois problème de finition et de montage des quincailleries sur les deux PF, nous sommes obligé de démonter les gâches pas en face, de revoir l'équerrage, vous mettez un renfort intermédiaire il a pour effet de cintrer la battue donc nous déparclosons systématiquement - la qualité du pvc se dégrade inévitablement depuis quelques semaines - les paumelles sont à reprendre quasi systématiquement sur un chantier de 7 menuiseries le temps de perdu est important - merci à nouveau pour la remontée d'informations, je crains que l'usine de pvc de Boué soit en galère en terme de qualité.;Envoi pièce;2
R20260311007#SAVF-57167-260001;PRM271778;HYBRIDE;2512106198;1.2 SALON DROITE;Le client me signale qu'il a reçu 2 cylindres V5 Néo Même variure + bouton Moleté ( 1 porte-fenêtre et sur la PE ) Il manque 3 cylindres sur les repères suivants : 002 repère 1.2 SALON DROITE, 003 repère 1.3 SALON MILIEU et 004 repère 1.4 CHAMBRE ATTENTION : cylindre même variure, il faut peut-être remplacer les 5 pour avoir la même variure Il manque également 12 équerres ( voir photo );Envoi pièce;2
R20260311008#SAVF-56215-260008;PRM271030;BOIS;2512108808;BUREAU;Bonjour, Le vitrage est arrivé abimé, quand on à voulu refixer la parclose avec les vibrations la fissure c'est agrandi vitrage du fixe Coté gauche vus interieur Si vous pouvez me le renvoyer en urgence CDT Théo;Envoi pièce;2
R20260311009#SAVF-47522-260003;PRM045041;VOLET ROULANT;2509079062;;les 2 paires de coulisses sont abimés. La peinture cloque sur la hauteur.;Envoi pièce;6
R20260311010#SAVF-47522-260004;PRM045041;VOLET ROULANT;2509079062;;sous face abimé.;Envoi pièce;4
R20260311011#SAVF-58643-260003;PRM272627;BOIS;2510086119;H66R0/1372/M001;Bonjour, Merci de fournir en urgence les caches OB blanc pour 6 menuiseries manquant sur site. Contact et adresse de livraison PRM272627 Kenza Tafouzelt 06 65 46 04 06 CHANTIER EIFFAGE 58 66 BOULEVARD MASSENA 75013 PARIS;Envoi pièce;1
R20260311012#SAVF-47896-260028;PRM147789;HYBRIDE;2206059409;ENTREE;URGENT Crémone de la porte d'entrée est HS. Merci de nous en renvoyer une au plus vite. Très URGENT Cordialement Céline - BELLES BAIES;Envoi pièce;1
R20260311013#SAVF-50563-260028;PRM265892;HYBRIDE;2504033195;G;BONJOUR SUITE CONSTAT DE CE MARDI LE TECHNICIEN A PRIS EN PHOTO D UN VITRAGE QUI SE FISSURE DE L INTERIEUR ET LA POIGNEE GRIFFEE MERCI DE REFOURNIR UN OUVRANT, AVEC LE VITRAGE ET LA POIGNEE;Envoi pièce;7
R20260311014#SAVF-52878-260009;PRM268399;PVC;2511100549;1 1;Bonjour, sur cette porte le jet d'eau bien protégé est cassé, est-il possible de l'avoir en SAV gratuit avec ses embouts ainsi que le joint XP présent sous le vantail pour seuil PMR. Merci Nicolas nicolas@groupe-nest.fr;Envoi pièce;1
R20260311015#SAVF-50563-260029;PRM265892;PORTAIL ALU;2312117623;PORTALU-1;Bonjour Veuillez trouver ci joint une demande de prise en charge pour le clavier a code Métal IO KEYPAD défaillant;Envoi pièce;1
R20260311016#SAVF-48742-260001;PRM158027;NEG;2602018423;;le client n'a pas reçu le digicode, même si nous avons le bon de livraison signé par chronopost !!! Merci d'expédier au plus un autre digicode en urgence svp.;Envoi pièce;1
R20260311017#SAVF-50263-260002;PRM265190;HYBRIDE;2305047615;COUL IMP;Une pièce s'est cassée (voir photo). Merci de nous en renvoyer une.;Envoi pièce;5
R20260311018#SAVF-58560-260003;PRM272662;PORTAIL ALU;2507066230;PORTALU-1;Manque 1 vis idem photo ci joint à nous envoyer au plus vite svp.;Envoi pièce;1
R20260311019#SAVF-47170-260001;PRM264017;PORTAIL PVC;2512104355;PORTPVC-2;Le cache plastique haut du portillon côté gond est cassé;Envoi pièce;2
R20260311020#SAVF-49340-260002;PRM262214;HYBRIDE;2512111393;D;Bonjour, sur ce repère les joints de vitrage sot manquants. A fournir en urgence svp. cdt;Envoi pièce;4
R20260311021#SAVF-59170-260004;PRM273240;ALU;D-1-2217048;SEJOUR;Bonjour notre cliente Mme LABULLY Maryline veut changer le double vitrage du vantail de DROITE vue intérieur qui est cassé de sa baie coulissante du séjour. La société PS POSE ET SERVICES qui à vendu cette cette baie à fait faillite depuis et je n'ai peu de documents concernant ce produit : le Bon de commande à atlantem a été fait suivant devis N° D-1-2217048 du 18.03.2022 de dimensions du coulissant H 2150 x L 1800 Merci de chiffrer ce vitrage ou voir si garantie SAV car ce vitrage c'est fendu seul sans choc. Dans l'attente de votre réponse / Bien à vous CLAUDE;Envoi pièce;0
R20260311022#SAVF-58559-260005;PRM272661;HYBRIDE;2509079219;BUREAU;Bonjour, L'anti fausse manoeuvre de la crémone est cassé (ne fonctionne pas). Merci de nous envoyer la pièce défectueuse. Alain.;Envoi pièce;3
R20260311023#SAVF-48289-260008;PRM153136;PVC;2511099080;A;Sur cette fenêtre la poignée est quasiment impossible à relever à cause des 7 points d'ancrage. Il faudrait nous fournir 4 gâches + 2 houssettes à la place de la tringle (cf photos ci jointes);Envoi pièce;1
R20260311024#SAVF-48654-260032;PRM157237;PVC;2601004741;A;parclose abîmé plus problème informatique voir david;Envoi pièce;1
R20260311025#SAVF-52143-260029;PRM267945;HYBRIDE;2602015728;;Bonjour, La crémone est abimée. Cordialement,;Envoi pièce;1
R20260311026#SAVF-48508-260009;PRM155896;PVC;2512106267;CUISINE TD;Suite chute du dormant au dépôt l'aile de recouvrement s'est cassée dans un angle, merci de nous refabriquer ce dernier avec facturation.;Envoi pièce;4
R20260311027#SAVF-53046-260009;PRM045364;VOLET ROULANT;2411109066;AH;Façade de coffre;Envoi pièce;1
R20260311028#SAVF-53046-260010;PRM045364;VOLET ROULANT;2411109227;AU;Façade de coffre;Envoi pièce;1
R20260311029#SAVF-51960-260001;VM376;PVC;2203032909;SALON/CHAMBRES;Constat : moteur HS suite appel somfy par client sur chantier. En effet le moteur perd ses fins de courses qqes minutes apres le réglage Souhait : réception moteur;Envoi pièce;1
R20260311030#SAVF-50623-260010;PRM265991;PVC;2512110487;;Défaut sur le battement central Veuillez nous renvoyer un nouveau battement que nous puissions le remplacer chez notre client;Envoi pièce;1
R20260311031#SAVF-53046-260011;PRM045364;PVC;2411109067;F;Parclose vantail gauche;Envoi pièce;6
R20260311032#SAVF-47474-260003;PRM043411;PVC;2601003117;A;Refabrication urgente de l'ouvrant avec serrure à relevage ( sans remplissage si dimension =);Envoi pièce;1
R20260311033#SAVF-47258-260003;NEM307036;PVC;2305052486;;Bonjour, serrure de nouveau cassée !!! Cordialement Laurent Carrouge;Envoi pièce;1
R20260311034#SAVF-47258-260004;NEM307036;HYBRIDE;2010068878;CHAUFFERIE;Bonjour, serrure cassée. Cordialement Laurent Carrouge;Envoi pièce;5
R20260311035#SAVF-48508-260010;PRM155896;HYBRIDE;2512107088;SALON;Suite cassse, merci de renvoyer l'ensemble des gaches de ce dormant.;Envoi pièce;1
R20260311036#SAVF-57749-260005;PAM284345;VOLET ROULANT;2602010584;GRANDE BAIE COULISSANTE;bonjour, toute les lames sont abimées pouvez vous nous envoyé un nouveaux tablier. cordialement.;Envoi pièce;1
R20260311037#SAVF-57749-260006;PAM284345;VOLET ROULANT;2602010584;PETITE BAIE COULISSANTE;bonjour , le tablier est plein de coups et de griffes pouvez vous envoyé un nouveaux tablier. Cordialement.;Envoi pièce;2
R20260311038#SAVF-47695-260006;PRM142482;HYBRIDE;2512109720;CH;Lambrequin de 190 couleur extérieure de la menuiserie pour coffre de volet roulant;Envoi pièce;2
R20260311039#SAVF-50068-260015;PRM264734;NEG;2509080734;;CAPOT MOTEUR PORTE DE GARAGE CASSE A L'OUVERTURE DU CARTON MERCI DE NOUS EN RENVOYER UN;Envoi pièce;1
R20260311040#SAVF-47663-260002;PRM141472;PVC;2601003001;;Voir Photo jointe Il manque le cache latéral du coffre volet roulant A livrer en urgence SVP;Envoi pièce;1
R20260311041#SAVF-47575-260024;PRM138372;HYBRIDE;2503028419;;Bonjour, Petit bois hs merci de nous faire parvenir un neuf Cordialement;Envoi pièce;2
R20260311042#SAVF-56263-260001;PRM271093;HYBRIDE;2510088947;REP 1;Bonjour Suivant cette commande ,une erreur de saisie sur ligne 001 et 002,poignée arrivé trop haute avec une allège demandé de 1080 et 800,un problème est survenu avec une hauteur de poignée à 1050 (je pense une erreur humaine ou de digitam de l'epoque) au lieu de 400 comme les repères 006/007/011, merci de revoir pour le remplacement de cette ouvrant merci de faire le nécessaire assez rapidement en gratuit bonne réception Cdlt laurent;Envoi pièce;1
R20260311043#SAVF-48608-260003;PRM156850;ALU;2103031942;A;Je viens vers vous concernant la commande citée en objet concernant le repère 001 et plus précisément l'ouvrant de gauche. Dans le vitrage nous constatons de « l'humidité ». Cette commande datant de 2021 y a-t-il encore une garantie ? Si oui, merci de bien vouloir nous faire parvenir le vitrage pour que nous puissions effectuer son remplacement.;Envoi pièce;1
R20260311044#SAVF-52007-260002;PRM267822;PVC;2601008448;A;Manque les profils de jonction pour l'assemblage. Urgent, pose planifiée Vendredi;Envoi pièce;1
R20260311045#SAVF-50489-260008;PRM265751;HYBRIDE;2511099360;1er étage salon;sur tout les coffres des volets roulants les cotés ne sont pas droits et lorsque l'on met les caches ca ne revient pas droit, il y a des étiquettes partout qui sont très difficiles a enlever, il faut envoyer une personne sur place pour constater et voir ce que l'on peux faire pour remédier à tout ces défauts qui ne devrait pas être.;Envoi pièce;3
R20260311046#SAVF-58559-260006;PRM272661;HYBRIDE;2509079219;CUISINE;Bonjour, La coulisse du volet roulant à droite en vue intérieure est abîmée. Merci de nous envoyer la pièce. Alain.;Envoi pièce;8
R20260311047#SAVF-58559-260007;PRM272661;HYBRIDE;2509079226;SAM;Bonjour, Il nous manque les butées basses sur les vantaux. Merci de nous faire parvenir les pièces, Alain.;Envoi pièce;2
R20260311048#SAVF-58586-260020;PRM272690;PVC;2601009404;A;menuiserie non palettisé menuiserie abimé MARTAI;Envoi pièce;1
R20260311049#SAVF-47158-260017;PRM157854;PORTAIL ALU;2506057286;PORTPVC-2;bonjour Recommande d'une paire de gond haut blancs pour le portillon en réf. Livraison : 81 route de Brest 29000 QUIMPER Merci;Envoi pièce;2
R20260311050#SAVF-50467-260001;PRM265715;ALU;2511101069;;Le colis a été refuse par le client car il était ouvert et il manquait 3 poignées. Le colis a été retourné à l'expéditeur ( voir sur le site CHRONOPOST) RELIVRER COLIS à la plateforme de Toulouse ATLNATEM ZONE THIBAUD 29 IMPASSE BOUDEVILLE 31100 TOULOUSE;Envoi pièce;1
R20260311051#SAVF-51765-260001;PRM267532;HYBRIDE;2108086300;A;voir photos ouvrant cintré Cette réclamation à tarder car la maison est une résidence secondaire et j'ai accès que quand les propriétaires sont sur place. Problème avec ouvrant cintré qui casse la gâche du penne qui a été changé 2 fois. vu avec christophe poirier à l'époque il me précisait que si le problème se reproduisait, il faudra prévoir une refabrication de l'ouvrant. Pouvez-vous refabriquer l'ouvrant et fournir la gâche du penne qui se trouve sur le dormant. Merci Robert;Refabrication;1
R20260311052#SAVF-48652-260005;PRM157234;HYBRIDE;2411108090;BUREAU;Bonjour , je vous ai fait une demande de SAV concernant ce dossier pour une face de volet roulant mais j'ai fait une erreur de ligne j'ai choisi la ligne 3 mais c'était la ligne 1 Pouvez-vous m'envoyer la face de volet roulant pour la menuiserie de la ligne 1 (un coulissant de 2150 ht /1800 lg ) Cordialement;Envoi pièce;1
R20260311053#SAVF-52332-260008;PRM157306;PVC;2511103140;R3 BGIT;Bonjour, Suite montant cassé, pouvez-vous svp refabriquer le cadre sans les ouvrants (paumelles positionnées à l'identique sur le dormant car conservation des ouvrants) et sans le tablier ? Délai très urgent svp Nous devons fermer le bâtiment. Par avance merci;Refabrication;27
R20260311054#SAVF-47760-260001;PRM145090;NEG;2512104358;A1;Bonjour , sur la commande 2512104358 , l'espagnolette installée est trop courte , merci de m'en renvoyer une à 1500 mm de long . cdt T Dablanc;Envoi pièce;2
R20260311055#SAVF-56597-260003;PRM271336;PVC;2511095836;CUISINE;Bonjour, Le châssis étant posé en plein tunnel, il n'est pas possible d'installer le ferme imposte prévue lors de la cde (erreur de ma part). Merci d'envoyer rapidement un loqueteau et une canne de tirage svp. Merci GAELLE;Envoi pièce;1
R20260311056#SAVF-50849-260010;PRM266366;PVC;2408078300;PE VIORNE;Bonjour les caches des paumelle son caser pouvez vous me les changer merci;Envoi pièce;1
R20260311057#SAVF-50563-260030;PRM265892;PVC;2504038965;B;Veuillez trouver ci joint presentant un vitrage qui se fissure a l interieur du vitrage;Envoi pièce;2
R20260311058#SAVF-56125-260003;PRM271004;BOIS;2509080497;1 6 G;Bonjour, je reviens vers vous concernant ce châssis, j'avais fait une demande précédente fin janvier , j'avais attendu un peu, mais le client vient de me relancer il n'a pas ce châssis sur le chantier, il m'assure que le châssis n'est jamais arrivé sur chantier. Pourriez vous me faire un retour svp ? Il faut absolument le mettre en fab le client en a vraiment besoin et rapidement svp. Merci d'avance. YAGÜE Kevin;Refabrication;6
R20260311059#SAVF-59977-260008;PRM273896;PVC;2512106241;a;poignée abimé dans le colis;Envoi pièce;1
R20260311060#SAVF-56597-260004;PRM271336;HYBRIDE;2507068384;B;Bonjour, Un des bouclier thermique latéraux est trop court voir photo, merci de bien vouloir en renvoyer un. Aussi, pour faire la finition entre les 2 clssts de cette affaire, notre client a besoin d'un plat de 40mm en alu blanc sur la hauteur, merci de le rajouter également (long 2200mm). Merci GAELLE;Envoi pièce;2
R20260311061#SAVF-48636-260011;PRM157043;BOIS;2503028281;A C 1 F OUV P E;Bonjour, Les vis fournies de 70 mm étaient trop courtes, il fallait des vis de 80 mm. Le client s'est dépanné seul. Merci de lui renvoyer : 20 vis de 80 mm têtes blanches 20 vis de 80 mm inox Cdt Pascal A;Envoi pièce;3
R20260311062#SAVF-49058-260001;PRM260421;PVC;1805027989;2;Intervention pour détecter fuite;Intervention;2
R20260311063#SAVF-50040-260019;PRM264692;VOLET ROULANT;2411111035;SEJOUR / SALON/ SAM;erreur de cote des sous face des volets repère 010 et 013 livrées en 2400 au lieu de 3000. veuillez nous les expédier le plus rapidement possible. merci;Envoi pièce;21
R20260311064#SAVF-48122-260008;PRM150894;PVC;2512106316;;merci d'envoyer un rouleau de 10ml de joint huisserie (voir photo) URGENT;Envoi pièce;3
R20260311065#SAVF-53990-260023;PRM268948;PVC;2601004756;577;Bonjour, Manque à la livraison toutes les cornières 60x40 extérieures rep 003/577 + 004/578 + 005/579 +006/580 Merci VERGUI 110326;Envoi pièce;3
R20260311066#SAVF-49084-260003;PRM260597;PVC;2603019927;1;mauvaise gâche reçu , gache haute renvoi gache centrale;Envoi pièce;1
R20260311067#SAVF-50590-260003;PRM265930;HYBRIDE;2512111958;4;joint vitrage à bourrer manquant sur l'ensemble des fixes attention joint pour 4/20/4 et 44²/16/4 A LIVRER AU PLUS VITE;Envoi pièce;4
R20260311068#SAVF-47243-260020;NEM306870;VOLET ROULANT;2012080398;CH HIBOU/SDB/CH 2 LI;"Merci de bien vouloir nous renvoyer la moustiquaire complète intégrée au volet roulant car la toile est coupée de la lame finale et déchirée. Il faut que nous changions toute la moustiquaire intégrée. Et nous l'envoyer au siège social de la société MATCO - 77 cours Saint Georges - 24000 PERIGUEUX et noter sur le colis la référence ""SAV BADER MOUSTIQUAIRE"". Vous remerciant par avance";Envoi pièce;1
R20260311069#SAVF-51862-260009;PRM267660;VOLET ROULANT;2602012108;A;bonjour, Le tablier est trop court reste ajouré quand descendu il manque 2 lames. Merci de les envoyer au plus vite afin que l'on puisse terminer le chantier.;Envoi pièce;1
R20260311070#SAVF-52197-260011;PRM267774;PORTAIL ALU;2507061516;PORTALU-1;Bonsoir, j'ai le digicode SOMFY qui ne fonctionne pas comme il faut, la pile à été changée et rien n'y fait ...il marche 1 fois sur 4 et encore... Merci de procéder à l'envoie d'un nouveau digicode RAPIDEMENT Bonne soirée Alexandre;Envoi pièce;3
R20260311071#SAVF-47661-260001;PRM141466;NEG;2503023989;;LE MOTEUR EN FIN DE COURSE - PIGNON DEFECTUEUX A REFOURNIR;Envoi pièce;1
R20260311072#SAVF-58517-260007;PRM272746;HYBRIDE;2510094045;ETAGE 8 LGT 283-3  F1F/E/D;Bonjour, Suite erreur de saisie, merci de refabriquer les montants envoyer avec de poignées Toulon, au lieu de poignées cuvette. Cela concerne la ligne 009 de cette ARC ainsi que les lignes 003/014/016/026/028/030 de l'ARC 2511098758 pour modification sur chantier par le client. Cela est vu avec Marc Scolan. Contact et adresse de livraison PRM272746 Adel ADJALI 06 67 00 25 58 CHANTIER GCC 2 RUE DU MARECHAL LECLERC 94410 SAINT-MAURICE;Envoi pièce;9
R20260311073#SAVF-51034-260004;PRM266610;PVC;2511096791;;LE VANTAIL TIRE TROP A GOND ET DIFFICILE A FERMER PRENDRE CONTACT POUR EXPLICATION DE REGLAGE !!!;Constat à réaliser;3
R20260311074#SAVF-48214-260003;PRM152377;ALU;2512106472;A;Sur menuiserie cosmos manque busettes noire quantité 5 unités;Envoi pièce;1
R20260311075#SAVF-47525-260001;PRM045146;HYBRIDE;2504031397;OF4 SAL/SEJ;PROBLEME D'ETANCHEITE ENTRE LES MONTANTS DES 3 PF INTERVENTION URGENTE TEST D'ETANCHEITE FIN AVRIL;Intervention;1
R20260311076#SAVF-48726-260006;PRM157881;HYBRIDE;2512110299;A;bonjour. il me faudrait des couvres joints intérieur glissé de 45 pour cette porte. cordialement.;Envoi pièce;1
R20260311077#SAVF-47831-260010;PRM146239;NEG;2602012818;;a fonctionné 1 semaine;Envoi pièce;1
R20260312001#SAVF-47575-260025;PRM138372;PVC;2602016585;;Bonjour, Les pièces reçue ne vont toujours pas, merci de nous fournir les compas et renvoie d'angle svp Cordialement;Envoi pièce;1
R20260312002#SAVF-48122-260009;PRM150894;PVC;2204035136;A;Remplacement de la serrure Cordialement emmanuel chartrain;Envoi pièce;1
R20260312003#SAVF-48100-260005;PRM150670;HYBRIDE;2512109836;B;Salut Herve, Pourrais tu me lancer un SAV pour le chantier BURLOT. Nous avons été surpris ce matin, il manquait les joints sur la fenêtre fixe. Tu trouveras en pièce jointe les photos de la fenêtre. Pourrais-tu me livrer le nécessaire rapidement STP ? Merci d'avance Bonne journée;Envoi pièce;2
R20260312004#SAVF-50183-260003;PRM265014;PVC;2510092007;SALON;MANQUE LA POIGNEE EXPEDIER UNE POIGNEE URGENT;Envoi pièce;1
R20260312005#SAVF-47174-260009;PRM265027;ALU;2303025356;1;Bonjour Veuillez trouver ci joint la demande SAV concernant la référence DUVAL CACHE PAUMELLE Cordialement;Envoi pièce;1
R20260312006#SAVF-57323-260002;PRM271888;PVC;2603019791;;RECU EMBOUT DE LA BONNE COULEUR MAIS DE LA BONNE TAILLE RECU EMBOUT POUR FENETRE A LA PLACE DE PORTE FENETRE EXPEDIER EMBOUT CHENE IRLLANDAIS POUR PF;Envoi pièce;1
R20260312007#SAVF-48544-260002;PRM156184;VOLET ROULANT;2602011301;A;La pièce du tulipage en plastique (!!) a été retrouvée cassée encore emballée... Systématiquement, les tiges des sorties de coffre sont trop courtes au niveau du 6 pans de 7. il faudrait nous en renvoyer 3 pour les 3 volets de la commande (heureusement que nous en avons d'autres...). De façon générale, votre nouveau système est de mauvaise qualité avec des pièces en plastique qui ne dureront pas dans le temps. Le mouvement de l'axe n'est retenu, dans une option de manoeuvre manuelle, que par la sortie de coffre ce qui va poser inévitablement problème dans certains cas. Je suis désolé de ne plus avoir d'option de choix de l'ancien système bien plus fiable et durable.;Envoi pièce;1
R20260312008#SAVF-49243-260002;PRM261574;HYBRIDE;2602018215;parclose TPE;Bonjour, Avez vous une documentation/mode d'emploi pour le remplacement des joints parclose détériorés? Merci Cdlt;Envoi pièce;1
R20260312009#SAVF-60652-260003;PRM274418;HYBRIDE;2512107728;07 BAT 2 REP B;Bonjour, Suite à ma demande de SAVF-60652-260002, je précise qu'il faut que le croquage du volet roulant soit parfaitement aligné à la menuiserie (sans décalage). Merci d'avance.;Envoi pièce;14
R20260312010#SAVF-56638-260003;PRM271371;PVC;2509080677;;Bonjour Sur ce dossier la poignée présente un problème elle se desserre et crée un jour le ressort doit être HS De plus les jets d'eau sont tous mal positionnés avec trace de joint à chaque vis plot Merci de renvoyer toute les pièces vis joint jet d'eau pour remplacement sur place par le client. Bonne réception;Envoi pièce;1
R20260312011#SAVF-21443-260011;PAM293822;ALU;2512107858;CLOALU C;Bonjour , le cache que j'ai reçu n'ai pas de la bonne couleur le chantier est noir , merci de renvoyer au plus vite le cache poteau.;Envoi pièce;4
R20260312012#SAVF-51582-260005;PRM267305;PVC;2602017239;CORNIERES 100X100 7016/048;Bonjour , rep 001 et 002 reçu en chêne doré au lieu de 7016/048. A renvoyer dans le bon RAL merci. Photos envoyé sur le mail SAV central.;Envoi pièce;1
R20260312013#SAVF-47596-260004;PRM139077;HYBRIDE;2511101179;A;Bonjour Lors de la pose chez notre client, nous avons remarqué que sur le vitrage du haut (voir AR) nous n'avions pas les joints bourrés. Merci de nous les faire parvenir. Cordialement Sylvie;Envoi pièce;1
R20260312014#SAVF-49722-260005;PRM263738;PVC;2601001182;ETAGE COULOIR;bonjour thomas sur ref hernot en p.j. que l on est en cour de pose sur les deux repère 006 étage couloir on avait une crémone ob first tilt + poignée à clé hors sur ces deux menuiseries, d' après mon gars, ils ont mis une crémone normal donc sa ne fonctionne pas quand on met la poignée à l' horizontal sa n ouvre pas et quand on met la poignée à la vertical vers le haut elle se met dans les deux position peut tu me trouver une solution rapidement merci;Envoi pièce;6
R20260312015#SAVF-56053-260001;PRM270955;HYBRIDE;2601002903;1.1;vu avec marc, pb d'usinage sur chicane vantail 2 montant gauche du vantail du milieu a refaire svp;Refabrication;1
R20260312016#SAVF-48814-260003;PRM258572;PVC;2204042225;A;GACHE CENTRALE CASSER EXPEDIER GACHE CENTRALE;Envoi pièce;1
R20260312017#SAVF-48814-260004;PRM258572;HYBRIDE;2202015202;1.4;GACHE CENTRALE PF CASSE GACHE COULISSANT CASSER EXPEDIER GACHE CENTRALE POUR PF EXPEDIER GACHE COULISSANTE UNE DIZAINE;Envoi pièce;4
R20260312018#SAVF-50593-260002;PRM265935;VOLET ROULANT;2407073440;C;Tablier VR griffé sur toute la longueur MEME chose sur le repère D ligne 4 Demande de refabrication totale des 2 tabliers;Envoi pièce;3
R20260312019#SAVF-51709-260002;PRM267466;VOLET ROULANT;2512105078;;le logiciel de devis/commande ne pose aucune question sur la configuration du chantier AVEC ou SANS appui débordant dans mon cas le volet est trop grand, car il y a un appui débordant il faut envoyer un bon de reprise à notre client pour une modification à l'usine cela devient urgent de paramétré notre logiciel nous devrions demander aux clients de remplir un bon de commande manuel afin d'éviter la répétition d'erreurs;Reprise pour modification;1
R20260312020#SAVF-57204-260007;PRM271805;BOIS;2510085449;7;Bonjour, Nous n'avons pas reçu la bonne poignée pour ce repère. Il nous faut une poignée pour une crémone en applique. Je vous mets en PJ la photo de la mauvaise poignée et la photo de la poignée qu'il nous faut qui est identique à toutes les autres fenêtres. Cordialement;Envoi pièce;7
R20260312021#SAVF-50911-260020;PRM266462;PVC;2601004739;OPEN SPACE;2 vitrages de la commande sont arrivés cassés nous allons les commander chez un fournisseur local afin d'être livré la semaine prochaine pour pouvoir réaliser notre chantiuer dans les temps étant donné qu'une grue a été loué pour celui-ci LE DEVIS EST EN PJ;Constat à réaliser;2
R20260312022#SAVF-48287-260001;PRM153130;BOIS;2601001711;B;Produit abimé a la livraison. frottement Le repère B est à refabriquer en URGENCE. Merci de faire le nécessaire le plus rapidement possible pour une livraison au maximum SEMAINE 17 MARTAI;Envoi pièce;2
R20260312023#SAVF-47243-260021;NEM306870;PVC;2512106234;ATELIER;"Merci de bien vouloir nous envoyer au siège social de la société MATCO - 77 cours Saint Georges - 24000 PERIGUEUX un plat PVC blanc 50 mm et de longueur 3 000 mm pour habiller le haut de cette menuiserie et de noter sur le colis ""SAV ROUSSEL"". Vous remerciant par avance";Envoi pièce;1
R20260312024#SAVF-47174-260010;PRM265027;ALU;1809055146;1;Bonjour Merci de nous faire parvenir en SAV non facture la crémone concernant la commande initiale 1809055146 référence CASES Cordialement;Envoi pièce;1
R20260312025#SAVF-50564-260025;PRM265893;VOLET ROULANT;2601005833;;ci joint photo nous avons 1 goupille sur 2 pas possible de fixer l'écran fournir une deuxième goupille;Envoi pièce;1
R20260312026#SAVF-49785-260005;PRM263925;NEG;2502012863;;Bonjour, Impact sur le 2ème panneaux en partant du bas Demande de remplacement par le client Ci joint photos.;Envoi pièce;1
R20260312027#SAVF-53100-260004;PRM136516;PVC;2511100102;309 T5BIS;manque sur les fixes latéraux (vitrage non posé en usine) les pré cales des vitrages cela concerne tous les châssis à fixes latéraux des niveaux R2 R3 et R4 soit 18 chassis merci d envoyer en gratuit au plus vite une livraison lundi 16/03 serait super qté 110 MP30730 et qté 40 MP30729;Envoi pièce;1
R20260312028#SAVF-48521-260016;PRM155988;PVC;2601003014;A;Manque petit bois sur châssis Ce SAV vous sera facturé;Envoi profil;1
R20260312029#SAVF-48161-260010;PRM151513;BOIS;2601004081;CHAMBRE;La traverse basse de l'ouvrant principal est marquée, reçu ce jour.;Envoi pièce;1
R20260312030#SAVF-53100-260005;PRM136516;PVC;2510093722;B RDC B2A G;manque 3 jeux de parcloses pour fixes lateraux repères B2A 6 traverses + 6 montants à refournir en gratuit merci;Envoi pièce;2
R20260312031#SAVF-60559-260003;PRM274343;PVC;2511099077;A709DC SEJ PF3-A;bonjour une nouvelle fois j'ai eu le resp chantier qui me dit qu'une inversion d'étiquette est faite il leur faut redescendre les ouvrants car pas les bons voir copie mail joint une bonne fois pour toute soyons vigilents il me demande d'intervenir sur chantier pour trier les ouvrants sur les palettes je le prend pour une blague! la prochaine fois je demanderais au sav d'intervenir car ce client m'appelle tous les 2 jours pour me raconter la mème chose merci Eric;Information atelier;8
R20260312032#SAVF-51716-260002;PRM267476;HYBRIDE;2512109420;VERANDA;"Bonjour Isabelle Merci de nous faire suivre sous colis postale Deux poignées manouvrantes pour la baie coulissante en Blanc ""une gauche et une droite""";Envoi pièce;1
R20260312033#SAVF-56837-260001;PRM271523;HYBRIDE;2402017629;MEF S1065;Bonjour Suite SAV des 2 dernières semaines Merci d'envoyer 20 accroches tablier (verrous clicksur) + 2 moteur Gaposa a réglage mécanique à envoyer à FAYAT SEG 54 imp. Du Ger ? Agence de PAU 64121 Serres-Castet;Envoi pièce;5
R20260312034#SAVF-55518-260007;PRM264796;HYBRIDE;2601001197;B;Manque ferrage FT sur la commande. Merci de l'envoyer;Envoi pièce;16
R20260312035#SAVF-50074-260009;PRM264742;PVC;2512110342;CUISINE;merci de m'envoyer des parcloses arrondi sur la partie A (fenetre) , nous l'avons reçu mouluré. Cdlt;Envoi pièce;2
R20260312036#SAVF-48654-260033;PRM157237;ALU;1909053403;A;Serrure auto HS - à remplacer URGENT (le client ne peut pas fermer sa porte !!!!!);Envoi pièce;1
R20260312037#SAVF-49941-260004;PRM264387;PVC;2504035621;A;Bonjour, en pus de la battue, merci de me retourner le semi fixe sans vitrage de la ligne 1.;Envoi pièce;1
R20260312038#SAVF-47911-260006;PRM148008;HYBRIDE;2310098734;BUREAU;PASSAGE AIR DANS LA MENUISERIE PAS DE COMPRESSION COTE GAUCHE VUE INTÉRIEUR MAISON RENVOYER LA PIÈCE EN PHOTO POUR ESSAYER DE RÉDUIRE LE PASSAGE D AIR;Envoi pièce;5
R20260312039#SAVF-50973-260010;PRM266534;VOLET ROULANT;2110109516;Ch1, Ch3, Ch4;Bonjour, Merci de nous renvoyer les 3 tabliers reçus en largeur tableau le jour de la pose des volets roulants. Les salariés ont dû les recouper en largeur de 40 mm pour pouvoir les installer. Pour information, sur la commande la largeur tableau était bien de 1500 mm (ARC en pièce jointe). Après plusieurs interventions chez la cliente et une commande d?embouts de lames, cela ne fonctionne toujours pas correctement. Cordialement, Mr Benon;Envoi pièce;1,3,4
R20260312040#SAVF-50577-260008;PRM265911;PORTAIL ALU;ARC 2601000353;PORTAIL ALU MUGUET;LES GONDS HAUTS CHEVILLES NE VONT PAS. PRIERE DE ME RENVOYER EN URGENCE DES GONDS SUR PLATINE POUR LE HAUT. MERCI;Envoi pièce;1
R20260312041#SAVF-50040-260020;PRM264692;PVC;2311115634;A;Serrure défectueuse merci de remplacer à l'identique.;Envoi pièce;1
R20260312042#SAVF-47662-260001;PRM141468;BOIS;2509080844;BUREAU SALON;salut jean merci de fournir un ensemble noir ou vieux fer sur les portes vu deja avec jean;Envoi pièce;1
R20260312043#SAVF-49409-260001;PRM262564;HYBRIDE;2401010448;H;bonjour pouvez vous me renvoyer une poignet car celle fourni hs merci;Envoi pièce;8
R20260312044#SAVF-49393-260020;PRM262482;HYBRIDE;2512105799;PF SALON;Bonjour, voir photo. Voici dans quel état j'ai reçu les cornières aluminium extérieures de la PF Salon. Veuillez svp me renvoyer les 3 en 50X30 mm merci;Envoi profil;3
R20260312045#SAVF-49269-260003;PRM261802;PORTAIL ALU;2507065900;PORTPVC-1;Voir Photos jointes Les pênes ont été montés a l'envers sur le portail ET sur le portillon!! Merci de livrer en urgence une clé de démontage LOCINOX avec notice pour inversion de sens;Envoi pièce;1
R20260312046#SAVF-52143-260030;PRM267945;PVC;2511100890;D RDC;Bonjour, Le vitrage de la porte est fendu (photo en pj) Cordialement,;Envoi pièce;1
R20260312047#SAVF-49099-260005;PRM260727;VOLET ROULANT;2210100466;C;Tu trouveras un nouveau SAV volet pour la référence Mariayee Défaut moteur sur un volet de 1.60L x 0.95H Voici les coordonnées du client : Mme Roselyne Mariayee 06.65.24.95.41 - mrosely@aol.com 1 allée des Cormiers à La Chapelle des Fougeretz Merci Cordialement, Mr Lainé SARL LAINÉ Père & Fils;Intervention;3
R20260312048#SAVF-58589-260023;PRM272693;HYBRIDE;2512105296;A;Bonjour, Merci de nous refabriquer les 2 ouvrants de la porte de service avec oculus gratuit. Reçus vitrés de haut en bas. Cde : 11454444 Cordialement. Valérie vbarillotvoitier@vm-materiaux.fr;Envoi pièce;1
R20260312049#SAVF-47243-260022;NEM306870;VOLET ROULANT;2512109648;CUISINE;"Merci de bien vouloir nous renvoyer en urgence la façade du coffre pan coupé 165 sans les joues en alu de ce repère car il est percé en façade pour la sortie de man?uvre numéro 1 alors que nous avons besoin d'une sortie de man?uvre numéro 6. Nous sommes obligés de changer la façade du coffre. Merci de noter sur le colis la référence ""SAV LARIVIERE"". Vous remerciant par avance";Envoi pièce;1
R20260312050#SAVF-48468-260001;PRM155397;HYBRIDE;2510086726;;Vitrage avec une bulle d'air de 2mm sur vantail de gauche vue intérieur du repère 003;Envoi pièce;4
R20260312051#SAVF-52143-260031;PRM267945;PVC;2509075111;F GENESI;Bonjour, Merci de nous faire parvenir un cylindre à bouton moleté pour cette référence. Cordialement,;Envoi pièce;6
R20260312052#SAVF-48521-260017;PRM155988;HYBRIDE;2510086660;A;Profil recouvrement avec encore un défaut de laquage problème de joints sur ouvrant avec des plis qui ne reviennent pas correctement;Refabrication;1
R20260312053#SAVF-49945-260001;PRM264400;BOIS;2512108845;COLIS.QUINCAILLE;Bonjour , dans le colis maque 2 pieces guide de tringle pour la PF + un mecanisme de poignée crémone casser Voir photos Merci de les envoyé en URGENCE SVP;Envoi pièce;11
R20260312054#SAVF-58934-260004;PRM273046;HYBRIDE;2509074258;BLN CH 01;Vis manquante sur la partie basse d'un ouvrant Vigilance à apporter en contrôle qualité en atelier avant livraison;Information atelier;1
R20260312055#SAVF-50678-260006;PRM266113;VOLET ROULANT;2602017504;A;les tabliers étaient demandés en noir mais saisis en blanc. renvoyer tabliers de la bonne couleur;Envoi produit complet;7
R20260312056#SAVF-53990-260024;PRM268948;HYBRIDE;2511098393;ENSEMBLE;Montant gauche du vantail droit avec multiples rayures.;Envoi pièce;4
R20260312057#SAVF-58568-260007;PRM272670;HYBRIDE;2511103552;CH1;TRAVERSE HAUTE D'OUVRANT GAUCHE ABIME ANGLE CADRE DORMANT DROIT ABIME REFAIRE UNIQUEMENT L'OUVRANT CAR DELAI DE DORMANT TROP LONG;Envoi pièce;3
R20260312058#SAVF-53990-260025;PRM268948;PVC;2601004756;579;Manque cornières d'habillage ext;Envoi pièce;5
R20260312059#SAVF-53990-260026;PRM268948;PVC;2601004756;580;Manque cornières d'habillage ext;Envoi pièce;6
R20260312060#SAVF-51699-260016;PRM267453;PVC;2512105815;;Bonjour, Ouvrant secondaire abîmé (rayures profondes) + poignée + GV (rayures profondes). Ci joint des photos. Merci de faire le nécessaire. Julie LE MAT;Envoi pièce;1
R20260312061#SAVF-50169-260004;PRM264987;PVC;2601002552;BUANDERIE;Bonjour Pouvez vous m'envoyez 2 loqueteaux blanc pour les menuiseries soufflets rep 003 buanderie et rep 010 entrée j'ai oublié de choisir le mode de fermeture lors de ma commande merci par avance Bonne journée Bien cordialement Olivier;Envoi pièce;3
R20260312062#SAVF-47272-260002;NEM307136;VOLET ROULANT;2601002276;FACADE AVANT;FACE AVANT COFFRE A RENVOYER MERCI;Envoi profil;1
R20260312063#SAVF-49622-260002;PRM263455;PVC;2511101567;CH ETG;Concerne les repères 001 CH ETG et 002 ETG CHAMBRE Merci d'envoyer au client les caches OB ( manquant dans le colis d'accessoires );Envoi pièce;1
R20260312064#SAVF-60200-260006;PRM274081;VOLET ROULANT;2601006645;G1ADV;Le tablier est trop court.Manque environ 4 lames. 1 lame abimée;Envoi pièce;1
R20260312065#SAVF-52046-260002;PRM267867;PORTAIL ALU;2506050984;PORTALU-1;GACHE NOIR FOURNIS LE 03-02-2026 COMMANDE 2602010342 - DEJA CASSEE !!!! A REFOURNIR;Envoi pièce;1
R20260312066#SAVF-51034-260005;PRM266610;VOLET ROULANT;2511096169;BAIE VITREE;ENCORE UN TABLIER AVEC DES POCS SUR LES LAMES AU MILIEU DU TABLIER;Information atelier;2
R20260312067#SAVF-49808-260006;PRM264004;VOLET ROULANT;2510090341;A;2 lames présentes des choques Merci d'en livrer 2 autres. Bien cordialement Christophe 0668218631;Envoi pièce;1
R20260313001#SAVF-50722-260006;PRM266184;ALU;2601008455;;Bonjour, Nous avons reçu cette crémone suite à notre réclamation. Nous avons voulu la remplacer ce matin. La référence que vous nous avez envoyé est G550 D6U / GAK 1775 D-60 et celle présente à l'origine sur la menuiserie est G715 D6U / GAK 1850 D-60. Elles ne sont donc pas compatibles. De plus vous m'avez facturé cette pièce et fait l'expédition sans m'établir de devis au préalable. Je vous remercie de me transmettre la bonne pièce et de me faire un avoir sur la facture émise pour la pièce erronée Restant à votre disposition;Envoi pièce;1
R20260313002#SAVF-50564-260026;PRM265893;PVC;2405049468;ENTREE;La clé reste coincé dans le cylindre fournir un nouveau;Envoi pièce;1
R20260313003#SAVF-49666-260007;PRM263593;FRISE PVC;2601002529;b;le couvre joint de la porte fenêtre est abimer;Envoi pièce;1
R20260313004#SAVF-49666-260008;PRM263593;FRISE PVC;2601002529;b;le couvre joint de la porte fenêtre est abimer;Envoi pièce;1
R20260313005#SAVF-58559-260008;PRM272661;HYBRIDE;2509079219;GARAGE;Bonjour, Le vitrage a filé tout seul. Le client vient de s'en appercevoir. Il n'y a aucun impact. La felure part de l'intérieur de la parclose jusqu'à l'autre côté à l'intérieur aussi (voir photo). Merci d'intervenir pour le remplacement. Alain;Intervention;11
R20260313006#SAVF-59775-260001;PRM273731;PVC;2509082526;vitrage;bonjour il y a un problème les parcloses reçu sur les ouvrant son trop petite elle font 1137... il nous 1180 sur  les 4 cotes (voir cde d'origine)  le reste c est bon merci Jean claude Combe Lj;Envoi pièce;2
R20260313007#SAVF-56551-260033;VM703;HYBRIDE;2511100791;SALON / CH;Bonjour, Pourriez-vous nous envoyer des habillages intérieurs 60x40 (longueur : 1400) quantité 12 + 120x40 (longueur : 1500) quantité 3 ? Les habillages reçus étaient trop court. Merci d'avance, Cdt;Envoi pièce;1
R20260313008#SAVF-48383-260003;PRM154186;PORTAIL ALU;2601009438;PORTALU-1;Bonjour, Merci de faire partir une butée Cupro à visser chez le client (à facturer) Bonne journée.;Envoi pièce;1
R20260313009#SAVF-48843-260004;PRM258822;VOLET ROULANT;2511098820;a;Je suis allé constater avec le client un problème récurrent sur cette PGE depuis son installation. Je suis retourné une seconde fois faire les manip avec Frederic Mothu au téléphone, nous avons déduit une armoire Rollixo HS. Après avoir livré et changé l'armoire, le problème persiste. Il a été déduit que la batterie de la barre palpeuse était HS. Notre client à changé cette pile, le problème persiste. Merci de faire intervenir une équipe, cela sort de mes compétences d'analyses, sort des compétences de notre client. Commande initiale 1909059301 Armoire 2511098820 Pile 2603018744;Intervention;1
R20260313010#SAVF-53046-260012;PRM045364;PVC;2409083466;R1 I;Merci de refabriquer 1 ouvrant sans vitrage svp;Refabrication;9
R20260313011#SAVF-53046-260013;PRM045364;PVC;2410096277;R2 BI;Pouvez vous me livrer une façade de coffre VR pour le repère en question svp;Envoi profil;9
R20260313012#SAVF-49501-260001;PRM263064;PVC;2601007042;CH;Bonjour, Aucun perçage pour les entrées d'air sur les dormants des menuiseries. Pour information.;Information atelier;7
R20260313013#SAVF-50128-260014;PRM264873;PVC;2602015964;ORIANE;Sur cette commande nous nous sommes trompé sur la profondeur de parclose à founir, il faut pour l'ensemble de la commande MP20529 modèle-3646- cdt;Envoi pièce;1
R20260313014#SAVF-49666-260009;PRM263593;PVC;2601003074;B;Problème de couvre joint;Envoi pièce;2
R20260313015#SAVF-50569-260002;PRM265900;PVC;2601001167;;Bonjour, Nous avons bien reçu la poignée en SAV mais ce n'est pas la bonne nous avons reçu un ensemble plaque large nous il nous faut un ensemble plaque étroite;Envoi pièce;1
R20260313016#SAVF-47896-260029;PRM147789;PVC;2510089714;ENTREE;Bonjour, Suite pose de la porte d'entrée, nous avions dans le colis de la quincaillerie un mot nous indiquant que nous allions recevoir le cylindre ultérieurement (voir pièce jointe) MAIS nous n'avons jamais reçu ce cylindre.... Merci de nous l'envoyer au plus vite. Cordialement, Céline;Envoi pièce;1
R20260313017#SAVF-58589-260024;PRM272693;PVC;2512107681;A;Le diamètre des perçages extérieurs sont trop faibles et ne permettent pas le clippage des busettes;Information atelier;1
R20260313018#SAVF-50563-260031;PRM265892;VOLET ROULANT;2601001995;A;CARDAN DU VRI A TREUIL DEFAILLANT.TRES URGENT.MERCI;Envoi pièce;1
R20260313019#SAVF-58517-260008;PRM272746;PVC;2601005921;237  CH F1 1A VR 3;Bonjour, Lors de la livraison, la palette s'est renversée à cause de l'instabilité de celle-ci. Merci de relancer en urgence l'ensemble de la menuiserie de la ligne 011 rep 237 CH F1 1A VR 3, ainsi que les deux vitrages du châssis ligne 014 rep SEJ PF1 1 VR 4. Contact et adresse de livraison PRM272746 Massinissa DJERROUD 06 58 43 09 46 CHANTIER GCC 2 RUE DU MARECHAL LECLERC 94410 SAINT-MAURICE;Envoi pièce;11
R20260313020#SAVF-50056-260007;PRM264712;VOLET ROULANT;2510092801;1;sous face abîmée;Envoi pièce;1
R20260313021#SAVF-49277-260002;PRM261835;BOIS;2207066945;A;POIGNEE TURLUPET EXT NOIRE A LIVRER AU CLIENT;Envoi pièce;1
R20260313022#SAVF-56844-260001;PRM271526;VOLET ROULANT;2602013880;a;Problème parametrage HP - le coffre qui est mis est trop petit pour la hauteur - on a 2200 de hauteur et la limite pour un coffre de 165 est mise à 1735. Il faut un coffre de 180..;Refabrication;1
R20260313023#SAVF-51383-260006;PRM267024;PVC;2510094154;CHB 2;Le vitrage de l'ouvrant principal présente une rayure. Nous faire parvenir ce volume pour remplacement;Envoi pièce;2
R20260313024#SAVF-58956-260002;PRM273062;PVC;2512111671;cuisine;Probleme sur la serrure - vu sur place les galets du haut ne bougent pas - il manque quelque chose à la liaison entre la serrure et la rallonge - renvoyer une serrure complète info atelier - l'opérateur qui visse les gaches a fixé celle du haut à 70cm du haut alors que le rouleau est beaucoup plus haut.;Envoi pièce;10
R20260313025#SAVF-48996-260003;PRM259954;BOIS;1807041338;NEFLE;Suite à commande en 04/07/20218 La serrure automatique de mon client est cassé Il me faudra pour la réparer une serrure crémone et également les 2 gâches pour les crochets Merci de me facture et de me livrer les accéssoires;Envoi pièce;1
R20260313026#SAVF-50064-260005;PRM264727;ALU;2511099469;A SAM;Bonjour Merci de me dire pourquoi le coulissant galandage a des montants à une ht 2240 voir photo en pièce jointe Et la tapee haute est plus basse que le dos du dormant ? J'ai une hauteur entre appui et coffre BSO de 2215 mm Merci d'une réponse rapide.;Refabrication;2
R20260313027#SAVF-47266-260009;NEM307104;HYBRIDE;2311110736;SAS ENTREE CH9;Problème avec la serrure ventouse, le plastique des aimants à cassé, merci d'en renvoyer un Les deux paumelles hautes de l'ouvrant principal et du semi fixe ne sont pas réglable, le trou qui permet d'accéder à la tête Allen est trop bas, impossible de régler correctement les portes, merci d'en renvoyer deux Une vis pointeau qui tient le bâton de maréchal est tombée, est-il possible de renvoyer une vis ?;Envoi pièce;1
R20260313028#SAVF-47266-260010;NEM307104;ALU;2311112086;A 12 SAS EXT;Problème avec la serrure ventouse, le plastique des aimants à cassé, merci d'en renvoyer un Les deux paumelles hautes de l'ouvrant principal et du semi fixe ne sont pas réglable, le trou qui permet d'accéder à la tête Allen est trop bas, impossible de régler correctement les portes, merci d'en renvoyer deux Une vis pointeau qui tient le bâton de maréchal est tombée, est-il possible de renvoyer une vis ?;Envoi pièce;1
R20260313029#SAVF-47266-260011;NEM307104;ALU;2311112086;B 13 SAS INT;Verrou bas complètement tordu, merci d'en renvoyer un;Envoi pièce;2
R20260313030#SAVF-52143-260032;PRM267945;PORTAIL ALU;2502017053;PORTALU-1;Bonjour, Il nous faut les deux pivots hauts en scellement chimique (mais ils nous les faut en argenté / alu, pas les dorés) pour les deux battants + les caches gonds. Cordialement,;Envoi pièce;1
R20260313031#SAVF-52019-260002;PRM267841;ALU;2202013864;divers;Bonjour Pouvez vous prévoir rapidement une intervention chez le client car depuis le début il y a des problèmes avec les menuiseries ( éléments qui cassent ... ) Nous avons déjà effectués plusieurs réclamation depuis 2023 pour ce dossier . 10 quistinic 56500 moustoir ac 0682947303 Merci Cordialement Wyzol pays d auray;Intervention;divers
R20260313032#SAVF-52513-260011;PRM268201;PVC;2601004814;CHB 1+2;CONTACT M BELLAMI - 0667505525 adresse 9 rue de l'abreuvoir 50500 Carentan les marais prévoir intervention pour mise en place des supports de charge des plaques solaires sur toutes les menuiseries Elles sont manquantes dans les colis au même titre que pas mal de caches de volets (déja déclaré). Le client est excédé. Prévoir une échelle pour les poser. Notre artisan a envoyé un mail à la direction pour se plaindre de manque sur chaque livraison. Merci de faire l'intervention demandée cdlt Thomas;Intervention;1
R20260313033#SAVF-47212-260002;NEM004112;PVC;2601005150;PE;Bonjour , Erreur de saisie la commande a ete passé a 2110 mmm en hauteur est livré en 2210 mm .;Envoi pièce;10
R20260313034#SAVF-47710-260003;PRM142849;HYBRIDE;2303026212;A3;Les gaches sont cassées. Merci de renvoyer l'ensemble des gaches du coulissant (ok si SAV payant);Envoi pièce;1
R20260313035#SAVF-48618-260002;PRM156904;PVC;2601000948;1 2;idem porte lemarcandel il manque un élément sur les gonds;Envoi pièce;1
R20260313036#SAVF-47699-260010;PRM142499;HYBRIDE;2601004482;1 1;Défaut dans le vitrage - a fissurer dès que le soleil à tapé dessus - on vois très bien que ça part du bas, en dessous.;Envoi pièce;1
R20260313037#SAVF-48003-260001;PRM150029;HYBRIDE;2601006075;;manque joint à bourrer;Envoi pièce;4
R20260313038#SAVF-48700-260003;PRM157613;VOLET ROULANT;2510088141;CHAMBRE;Bonjour, sur ce volet il manque des lames pourriez vous faire le nécessaire pour un envoi de ces lames à mon domicile, j'irai les installer avec le client : mon adresse : YAGÜE Kevin 1125 avenue Maréchal Foch 40990 Saint Paul lès Dax. Il faudrait 8 lames ral 8019. Ci joint les photos que le poseur vient de m'envoyer. Merci d'avance. YAGÜE Kevin;Envoi pièce;3
R20260313039#SAVF-47720-260008;PRM143425;PVC;2509083375;SALON MILIEU;"Bonjour, Ouvrant gauche vue intérieure fissuré L003 ""Salon milieu""";Refabrication;3
R20260313040#SAVF-50363-260005;PRM265430;HYBRIDE;2511097355;WC;Salut jerome Il me manque sur cette ref les habillages exterieur plus bavette sur les reperes dressing et wc Merci de faire le necessaire Urgent afin de solder Ps cest le 4eme dossier comme celui ci en 1 trimestre.....;Envoi pièce;3
R20260313041#SAVF-50363-260006;PRM265430;HYBRIDE;2511097355;DRESSING;Salut jerome Il me manque sur cette ref les habillages exterieur plus bavette sur les reperes dressing et wc Merci de faire le necessaire Urgent afin de solder Ps cest le 4eme dossier comme celui ci en 1 trimestre.....;Envoi pièce;6
R20260313042#SAVF-47243-260023;NEM306870;PVC;2602010044;2;"Merci de bien vouloir nous renvoyer au siège social de la société MATCO - 77 cours Saint Georges - 24000 PERIGUEUX 2 plats 100x1.8 mm 1110 de longueur 3 000 mm identiques à ce repère et de noter sur le colis ""BRAZEILLE HABILLAGES SUITE"". Vous remerciant par avance";Envoi pièce;2
R20260313043#SAVF-58587-260002;PRM272691;PVC;2509082708;A;Bonjour, sur cette porte fenêtre, il manque la joue gauche du coffre de volet roulant (voir photo jointe). merci de bien vouloir nous en expédier une au plus vite. Cordialement.;Envoi pièce;1
R20260313044#SAVF-48730-260002;PRM157908;HYBRIDE;2512111106;A;Suite au problème de poignée qui coince les doigts du client final, il a été vérifié avec Euradif, mais nous n'avons pas de solution technique à proposer. Nous demandons donc à l'artisan de nous faire suivre la facture d'une poignée avec un déport plus important que nous n'avons pas à l'offre. Ci-joint : 3 photos et mail de l'artisan.;Envoi pièce;1
R20260313045#SAVF-49893-260004;PRM264230;ALU;2509074446;CUISINE  / SAM /  SAM;Bonjour, lors de la réception des menuiseries chantier MOEDE CATTEAU à MONTIGNY EN GOHELLE, il a été constaté que les commandes des volets roulants ne fonctionnaient pas en raison de piles déchargées. Pouvez vous s'il vous plaît envoyer 3 piles (CR2032) pour les commandes des baies vitrées ? Merci ABDELLAH AZZI conducteur de travaux chez mikit ( société BIEN CHEZ VOUS) 2 Rue des Frères Gonthier 59290 WASQUEHAL;Envoi pièce;001   /   002  / 003
R20260313046#SAVF-53990-260027;PRM268948;PVC;2209089648;CHAMBRES;Défaut de soudure dans un angle de dormant, le dormant est à refabriquer en urgence SVP. Un devis de démontage et de remplacement du dormant et du placo vas vous être établi des réception de votre arc;Envoi pièce;2
R20260313047#SAVF-53990-260028;PRM268948;PVC;2209089648;CHAMBRES;Défaut de soudure dans un angle de dormant, le dormant est à refabriquer en urgence SVP. Un devis de démontage et de remplacement du dormant et du placo vas vous être établi des réception de votre arc;Refabrication;2
R20260313048#SAVF-53990-260029;PRM268948;PVC;2209089648;CHAMBRES;Défaut de soudure dans un angle de dormant, le dormant est à refabriquer en urgence SVP. Un devis de démontage et de remplacement du dormant et du placo vas vous être établi des réception de votre arc;Refabrication;2
R20260313049#SAVF-53990-260030;PRM268948;VOLET ROULANT;2601003499;SALON;Le client souhaite des gonds et arrêts en blanc SVP;Envoi pièce;1
R20260313050#SAVF-53990-260031;PRM268948;VOLET ROULANT;2601003499;;Le client souhaite des gonds et arrêts en blanc SVP;Envoi pièce;2
R20260313051#SAVF-49893-260005;PRM264230;PVC;2506057055;ETAGE CHAMBRE;Bonjour, pouvez vous intervenir sur le chantier BOUHADIBA STAMENKOVIC car le volet roulant ne fonctionne pas dans la chambre. Merci INTERVENTION SUR CHANTIER Mr et Mme BOUHADIBA STAMENKOVIC LOT 17 Rue Michel Denisse à HENIN BEAUMONT Tél Mr BOUHADIBA 06 26 77 12 75;Envoi pièce;6
R20260313052#SAVF-47150-260002;PAM293816;NEG;2507069500;;Vitrage d'un hublot fissuré, voir photo. Merci de livrer un nouveau vitrage avec tout ce qui faut pour le changer.;Envoi pièce;1
