Reference;Fichier
R20260323002#SAVF-47517-260001;972c93ae9a148ac91ef0f1f4cde1a7b8.jpg
R20260323002#SAVF-47517-260001;430364169c5fda9291e08cffedf6b6bf.jpg
R20260323002#SAVF-47517-260001;c742ee48627436711c8df475d503d8a5.jpg
R20260323009#SAVF-49911-260010;e1c61d9fd0bca5f32ca7dcace0ced4b5.jpeg
R20260323010#SAVF-60843-260001;3048b5aa237f5f0c0a70ed2fd9cd1aaf.jpg
R20260323011#SAVF-48618-260003;662914e9e8bb6786af8cd9908305ddd5.jpg
R20260323012#SAVF-49267-260011;28f5f2b78220d95b50a444dbf1bcce1c.JPEG
R20260323012#SAVF-49267-260011;37537b9d172141cd5453b8160bb30b16.JPEG
R20260323018#SAVF-50062-260024;04deae82d90909e4e9675ceb44bed123.jpg
R20260323019#SAVF-56501-260003;0ef1f7db204990821c62ced56c500bee.jpeg
R20260323020#SAVF-47716-260001;e9fd93751d1150e2d0701860a732e1b8.jpg
R20260323020#SAVF-47716-260001;d72597bb2193ee76705d4c0bdcc822bc.jpg
R20260323023#SAVF-47651-260016;09b8509708e3cfd3531a73cafe2c2e15.jpg
R20260323023#SAVF-47651-260016;662402fff19f033ad6cc5f69b185b2c4.jpg
R20260323025#SAVF-54790-260007;2470f1ab7d9efeb40e8a1d45ae35f855.png
R20260323026#SAVF-49503-260006;64d67d4b0ea891d294238775c1dc430d.jpg
R20260323030#SAVF-54477-260004;6d03ef6bf87ccaa6fb5bc275975ad177.jpg
R20260323030#SAVF-54477-260004;73afb542500d154a4ef45195afff54fc.jpg
R20260323030#SAVF-54477-260004;959c9a0b56b36882ea2b1ba715ece784.jpg
R20260323030#SAVF-54477-260004;275f907b985dad625add0cce9a088e33.pdf
R20260323031#SAVF-51383-260007;37c4cac86192e78eaa4d7ed08ff14dca.pdf
R20260323035#SAVF-47896-260031;2e3058de9c53edd30734c5712395fb5f.jpg
R20260323037#SAVF-52032-260002;f1fe73fd92af8539ecce1aa4d114895d.pdf
R20260323037#SAVF-52032-260002;a336025d653780bcc22f8bbf489c9524.pdf
R20260323038#SAVF-47689-260007;b9cbe3d99f5a93d2835146eed9d6e583.jpg
R20260323038#SAVF-47689-260007;3dcb6796f8f05db9be5895a8c03c2ae8.jpg
R20260323038#SAVF-47689-260007;596b5984a9f98ff9f63cce3cc7438c2c.jpg
R20260323038#SAVF-47689-260007;b8d971eb40449c7b1a4632433e39a75c.jpg
R20260323038#SAVF-47689-260007;d7931e7db7b66905226c9d40a1d35ce9.jpg
R20260323038#SAVF-47689-260007;f3715cb35279334daac3c05dccd4bc6b.jpg
R20260323038#SAVF-47689-260007;5e2d69eb2580468762d3e099894e67f0.jpg
R20260323041#SAVF-52032-260003;9f3e0dea534700c456342173d32a674e.jpg
R20260323041#SAVF-52032-260003;fcff91fbda10040675ac74f000395955.pdf
R20260323047#SAVF-58559-260010;e2d07aa88508ce4bbc3ca4d785a2f747.jpg
R20260323048#SAVF-58559-260011;83724938966eff1a962598a1b1a1457d.jpg
R20260323051#SAVF-50564-260028;98f7d0a7f4f91c3919677534801eabb8.jpg
R20260323051#SAVF-50564-260028;4e2159bf0ae6a70d99ad86c48e708a75.png
R20260323052#SAVF-52580-260001;1b5692b62537f985e03d9b1608968607.pdf
R20260323052#SAVF-52580-260001;f2814b54fa29a567873ee58b91f8b0cd.JPEG
R20260323052#SAVF-52580-260001;f46cbff6d7b1bb4138ba1c6c9b712478.JPEG
R20260323052#SAVF-52580-260001;b94a82aa68ca64547fa24ccdd793cdf6.JPEG
R20260323053#SAVF-50564-260029;cd62508ab026ed8582cceb6b7929f915.jpg
R20260323056#SAVF-47612-260006;7f52fcb5bbbfa061378ebc495ff927de.jpg
R20260323058#SAVF-48654-260042;410d434fb98e2ebe879d7dfc75750050.jpg
R20260323060#SAVF-47268-260003;67e56f185d210751ced0a3cb488d5f8f.jpg
R20260323060#SAVF-47268-260003;8c0bbaa7df79e78601202b7d804180af.jpg
R20260323063#SAVF-48521-260019;361eb3977f6ab0063c8b0d02b5216555.jpg
R20260323063#SAVF-48521-260019;89ab146c85ec163e61ea24539ef22004.jpg
R20260323067#SAVF-60193-260002;f9e3ba1f261e6960b80996a9b5e31528.jpg
R20260323068#SAVF-49699-260009;a90c75816301d25b08735729b7853857.pdf
R20260323069#SAVF-50366-260003;acb08e644655da3543b70fb578bc5890.jpg
R20260323069#SAVF-50366-260003;70d325ba37bcaa29e6f54b6e4d88b4ed.jpg
R20260323069#SAVF-50366-260003;11f8bac99c0ee6c6048551667d4ec174.jpg
R20260323069#SAVF-50366-260003;1e6e5a26cab4e3915701687faf3217c9.jpg
R20260323069#SAVF-50366-260003;0dfc33b3831dabcf8c1c9b9da1aade1d.jpg
R20260323069#SAVF-50366-260003;3672f84f93f448e0181f3b7cbebfe15f.jpg
R20260323070#SAVF-50366-260004;649b6017cd4a5da688318cbd51dff6b0.jpg
R20260323070#SAVF-50366-260004;613604037f45af6102a0e60dc00e78bc.jpg
R20260323070#SAVF-50366-260004;a5def740bdb5262653d00d3c45bd9731.jpg
R20260323071#SAVF-49267-260012;8037c9fc2a6123be8b934823d26efd98.jpg
R20260323072#SAVF-51423-260001;bb5cac391722b9b2400d8901af367e95.jpg
R20260323072#SAVF-51423-260001;90807d8397e55cfa469fc2e0ea595b60.jpg
R20260323076#SAVF-50150-260012;cba994c7a72dbfb47e6aa6f5c2c9a6aa.jpg
R20260323079#SAVF-47561-260002;7b842e1b09a9f0dba34e02852647fd07.jpg
R20260323080#SAVF-50070-260005;7bd57a7e4705961de4b29b73e0b7cf18.jpg
R20260323081#SAVF-49171-260005;462d15de07d9a1a1eb0d7cac8a6be750.jpg
R20260323081#SAVF-49171-260005;ddd800dcf67d9520f802712635c0c8e3.jpg
R20260323081#SAVF-49171-260005;ddd2e95c7b794973bedfe25b86778499.jpg
R20260323082#SAVF-50321-260002;fed89541e24593cbe9629bd0baa95395.pdf
R20260323086#SAVF-55648-260005;581aeaff92af1a04010ff67d6f806a21.jpg
R20260323088#SAVF-53841-260012;6a8060136c6d7e84942ca9cc46d31eca.jpeg
R20260323091#SAVF-52143-260033;127849b48ebac11c192dc9ad7a84f39e.jpeg
R20260323093#SAVF-52143-260034;cca0155437ae0c96df2c2dd29bb25984.jpeg
R20260323093#SAVF-52143-260034;1d0f7f81cdc3b867f502c3a6802e12d0.jpeg
R20260323093#SAVF-52143-260034;38e284098f8870f021e9a53b4b9abc60.jpeg
R20260323094#SAVF-61107-260001;56fab6729fba20ab2608f757f8824eaf.pdf
R20260323098#SAVF-50571-260001;1c818efc5f8f2056a84de5da51fb9107.jpeg
R20260323098#SAVF-50571-260001;7a55b5346b1de56f4f98d1fa96c9e40b.jpeg
R20260323098#SAVF-50571-260001;2303eeba25f59c8a4855b35e0c691563.jpeg
R20260323098#SAVF-50571-260001;a02e849d256c5cd6565ff3ed7cd189b5.jpeg
R20260323098#SAVF-50571-260001;eca7b87d5da29affd7de5c727cd7612a.jpeg
R20260323098#SAVF-50571-260001;5dd0fce4bd092648f5b6b56c734f37e1.jpeg
R20260323098#SAVF-50571-260001;edf9a42b1a96ee8c98ec1c78ad9988ee.jpeg
R20260323099#SAVF-48013-260005;ddba81fe75d6d24bf014844645b9f0b0.jpg
R20260324003#SAVF-48165-260007;065f8dfb8f4d5ccae798a90a3b2f8db0.pdf
R20260324006#SAVF-50475-260003;893b8944320974deaeaa0ac8b2588ead.jpg
R20260324007#SAVF-49422-260001;da0f1e65287b53daa3c16e82f7c9dbf8.jpg
R20260324010#SAVF-48516-260012;303e3b7fc532aa282deb75ca856c3fb8.pdf
R20260324011#SAVF-47266-260014;c9654c4a95c3c9e513968c8184f67e1f.JPG
R20260324012#SAVF-49560-260004;cce125d5ca4567d3d42ff155f21178a8.jpg
R20260324012#SAVF-49560-260004;78c60d4b5e77dfe93527296091980c4d.jpg
R20260324013#SAVF-21443-260012;172eb8cfcdc6ceade146a43923553718.pdf
R20260324013#SAVF-21443-260012;1fbf0d7f29435c078dd5a23e9c84f3a0.pdf
R20260324014#SAVF-21443-260013;bb4fbef47f1e8dc72d3b0b2d0801829a.pdf
R20260324019#SAVF-48172-260004;04ffa3279e17273f56c035cd523d8884.jpg
R20260324020#SAVF-49411-260001;1ace7bcc007890560909d4e69aa7ce20.pdf
R20260324020#SAVF-49411-260001;128d3d8446d5158ddd6c8584f6977ea9.pdf
R20260324020#SAVF-49411-260001;27ddcb1f4347c23ce7f3e3780323fbe4.pdf
R20260324020#SAVF-49411-260001;3f33d67ad38dc44a650107215771a3db.pdf
R20260324021#SAVF-49411-260002;cf8d5511475bbacace407d0caec3dd3b.pdf
R20260324021#SAVF-49411-260002;b8e1b05ececeed53ed0f2d62d17215cc.pdf
R20260324021#SAVF-49411-260002;7cedabc1a9a647c650f9d50c126ac742.pdf
R20260324022#SAVF-50722-260008;e2ef9da610fcbe29f8522db66b5f2fc0.jpg
R20260324022#SAVF-50722-260008;7811f5930f26d904a835a3c3cbff2cad.jpg
R20260324023#SAVF-56697-260004;56c212b3329f34ba30ab1467ac591675.jpg
R20260324025#SAVF-48869-260002;c6346e4648937f25108c18d4357038b7.jpg
R20260324028#SAVF-48608-260004;70c344dabf7dff8d7b1165003e78b6c3.jpg
R20260324028#SAVF-48608-260004;1503019039fa6feb9cc786958549136a.jpg
R20260324030#SAVF-47228-260007;7c7e38bbfbe3d1f87ab96f0ccc3081f4.jpg
R20260324035#SAVF-47228-260008;4370b0206721683c35ce4ab0a47b093b.jpg
R20260324035#SAVF-47228-260008;2262d753117eea1bb6ee212466e8f35e.jpg
R20260324036#SAVF-60738-260001;413405df14e8555d8be0f27ffba3a122.pdf
R20260324036#SAVF-60738-260001;132bdc9e0e32847fe055fbf05292ea99.pdf
R20260324036#SAVF-60738-260001;2a772745f593eed8a39e2388b7992b61.pdf
R20260324042#SAVF-49020-260010;8d632584482be4368579c7c94883745a.jpeg
R20260324044#SAVF-56215-260009;cf486cfaa1d812b00cae64c88d1b2c87.jpg
R20260324044#SAVF-56215-260009;f30b7584441918cc01b09a276e609314.jpg
R20260324048#SAVF-50070-260007;542883847818ade4340112c1249f735a.jpeg
R20260324048#SAVF-50070-260007;295dc90716e4a579e998197c0f4f4291.jpeg
R20260324049#SAVF-50973-260013;07c0a481aad93059f88d177590e06ae3.jpg
R20260324049#SAVF-50973-260013;c0bce22c10eb0ed8b4459d2746c35e14.jpg
R20260324052#SAVF-58589-260029;3c43954af939e1857581b2ecbb62356d.jpg
R20260324054#SAVF-50402-260003;5cdbdd1eddf38884f6ce6858c2cf1794.jpeg
R20260324054#SAVF-50402-260003;a3ae027f6f7f3a11893ea65292f32706.jpeg
R20260324056#SAVF-58564-260002;55b0179b879094dc5c1430c6bd094c8c.jpg
R20260324057#SAVF-47159-260010;17fdcbdb918f0f4bc055e7bf1a057d2c.jpg
R20260324059#SAVF-49724-260002;f8f1d7fa8a221893cae706263a9d4850.jpg
R20260324059#SAVF-49724-260002;2e5e92701cf7eedc36fc62c17b42b389.jpg
R20260324059#SAVF-49724-260002;0632914bb74eaeaa3e0227c71d7c0a05.jpg
R20260324061#SAVF-58586-260022;7facb3005ad6d6b858ffd827ecc848c4.jpg
R20260324061#SAVF-58586-260022;03162d97b92dfbe687a641697515b807.jpg
R20260324061#SAVF-58586-260022;3a71307728540ce018904cc128c758b0.jpg
R20260324062#SAVF-50489-260009;6b2692696c3d57a0004ece4b3f3d50e6.JPG
R20260324063#SAVF-20350-260017;1c7126d563bf791b56b9e69cc84fd1cd.png
R20260324063#SAVF-20350-260017;ca0615774f0abf0eb0e2730eb13ff51d.jpg
R20260324063#SAVF-20350-260017;cf90a81c1b4d84fe85a24b83bdcb3036.jpg
R20260324063#SAVF-20350-260017;4a21adc8b72365c3a1e62176a9762c4f.jpg
R20260324063#SAVF-20350-260017;a6ad8b15087d35d2a219f4d4c7fed9c0.jpg
R20260324065#SAVF-58586-260023;fb43b5b2919a1f6ad87d0cf3a5c573c8.jpg
R20260324065#SAVF-58586-260023;c8aeca90a618e3333d8f11fbdbde63f1.jpg
R20260324066#SAVF-58586-260024;91d4b66b9b9a77dd708953c4cb701bb6.pdf
R20260324067#SAVF-51582-260007;3b3446d36fd3b977d00f2f97aadec1e5.jpeg
R20260324067#SAVF-51582-260007;664ee7003d40bb6d6f679f2fd638109c.jpeg
R20260324067#SAVF-51582-260007;83548aa5bed74e91041fd0a3b164c200.jpeg
R20260324068#SAVF-58586-260025;d82418c7f88788dc8861ee580e4fc1c7.jpg
R20260324068#SAVF-58586-260025;bf8b1911510e95e824318b316a566d16.jpg
R20260324068#SAVF-58586-260025;7bc5e3485358ea56b14ad041ae85bd92.jpg
R20260324068#SAVF-58586-260025;0f16ca1196568f7285930146bc60e6d0.jpg
R20260324069#SAVF-51699-260019;a2452e137340b7664260b092c0ce8030.jpeg
R20260324071#SAVF-49383-260002;bb2ec8bd3992a1cb661e21ace9518ac1.jpg
R20260325001#SAVF-52332-260009;aee03f9e0d7b662ff6446c495e59c893.jpg
R20260325002#SAVF-52332-260010;d95d06eca2d342118a1bd917525e20ca.jpg
R20260325003#SAVF-48262-260007;3f9cd41a0fe607ca4223476b94fa2388.jpg
R20260325006#SAVF-48292-260007;0248b381faf744a411170c64695861d9.jpg
R20260325007#SAVF-49354-260004;4e8e5489366a3e5ed509758364e81ab5.pdf
R20260325008#SAVF-49722-260006;d5b38fca7a4ff6e9d06353d6110ef2dd.jpg
R20260325008#SAVF-49722-260006;4975028bccaab4a37045c3a14e1206c9.jpg
R20260325008#SAVF-49722-260006;0183e425a59deb631aa8d3b8bff92504.jpg
R20260325008#SAVF-49722-260006;43d0a80cab3c257ea5d63caaac2eceaa.jpg
R20260325008#SAVF-49722-260006;46eee084b8c6f0179c5b4d23266d6724.jpg
R20260325010#SAVF-49602-260010;76dd76a37e00969080c49ab06a5c62db.pdf
R20260325012#SAVF-47884-260003;37b8b47ab5a7d232d764866311b04b43.jpg
R20260325014#SAVF-53802-260001;01000122abe715a214ca5ef04162bedf.jpeg
R20260325015#SAVF-48517-260008;58cae11a1cbbd148ea82465f37e957f8.jpg
R20260325016#SAVF-48032-260003;9ce3911ba5ead1ce0620eef135e24952.png
R20260325016#SAVF-48032-260003;2a32a440d1804c8b4ee022aa025a1558.jpg
R20260325016#SAVF-48032-260003;d9848c3e322bb0e0f0264c32afe5ea5b.jpg
R20260325020#SAVF-53034-260004;b7b1a8458ac0fb9178c158a621c22473.jpg
R20260325020#SAVF-53034-260004;8b814f8faf693c53767f75045b823863.jpg
R20260325021#SAVF-48329-260003;a3cb118c99a44f3b9716c2a422141a93.jpg
R20260325021#SAVF-48329-260003;c4d8b0262062897c3b0c478c4f26fb70.jpg
R20260325021#SAVF-48329-260003;6e99f52a99045176edd5872cd1c21df9.jpg
R20260325021#SAVF-48329-260003;7a99ebe49a9385b28725fa652a4be7f6.jpg
R20260325021#SAVF-48329-260003;3dc8f810ca76dd743281055447c8489f.jpg
R20260325021#SAVF-48329-260003;0e94a33c5fb3be1af0754a285d0082ed.jpg
R20260325021#SAVF-48329-260003;b93e6b53f063ba12a3ed6566e8be75f7.jpg
R20260325022#SAVF-50489-260010;dc0e62fb6e5e25db24e3f9f476f0a8d2.JPG
R20260325022#SAVF-50489-260010;671449346f206a778dafb123de90e65d.JPG
R20260325022#SAVF-50489-260010;9f460d07acab4e8cfda2d028c6f12367.JPG
R20260325022#SAVF-50489-260010;0622f03530bfe0d943ed149be70aae03.JPG
R20260325023#SAVF-53034-260005;ec16900d4cb32eb1815e2d59ce9e54bc.jpg
R20260325025#SAVF-51709-260004;7b1e00189f45f4dbc0274ddcaa1b3442.jpeg
R20260325025#SAVF-51709-260004;ab3731fbfc8688f8af09413918feb900.jpeg
R20260325026#SAVF-49648-260003;1320609a413071a554050f6b2302fd20.pdf
R20260325027#SAVF-47651-260017;06276643dfe1a7ae998d62490f22bd9b.png
R20260325028#SAVF-47293-260002;976b1bc72a8694207c1781ae78a9a9a5.jpg
R20260325028#SAVF-47293-260002;d78f6bd055ab87aa52a34c71fc3633cb.jpg
R20260325028#SAVF-47293-260002;94a7aa79c7faea45144afa9970eedc6f.jpg
R20260325028#SAVF-47293-260002;805c556324e4df546596e82051f85f3b.jpg
R20260325029#SAVF-51862-260010;78f0f5ce635fef9d23551df26720f870.jpg
R20260325029#SAVF-51862-260010;ac52cc4a6fe5eddc66638ad7524f415b.jpg
R20260325031#SAVF-50286-260001;e4850e93d74e5d6c07b880577d7c7485.jpg
R20260325036#SAVF-56706-260001;41163291311599f94447f7cc2d84ad7d.jpg
R20260325037#SAVF-47853-260007;6ea87c5f5f3067a08c39a2c40a5bcc4b.jpg
R20260325037#SAVF-47853-260007;f82b9dce34d891f06822acee7fd85400.jpg
R20260325038#SAVF-47853-260008;fc2b8ec4c340fc7fb8f20d267486b738.jpg
R20260325038#SAVF-47853-260008;26796ea442149f3143304cfa9eb48771.jpg
R20260325039#SAVF-47181-260007;d1b37c688345db538d5e13e8616d35e0.JPG
R20260325039#SAVF-47181-260007;f1d3568d57f6fad872dd09729cb9e69d.JPG
R20260325040#SAVF-47455-260001;756ecf14cf8cfbf9b8277075b13d9208.pdf
R20260325040#SAVF-47455-260001;2d1087a18a038161d6dd0aed1f637548.pdf
R20260325041#SAVF-48926-260004;ebbfeb38303708e0cce0ff545ca154dd.pdf
R20260325041#SAVF-48926-260004;810a704229492aca5e97d34859b77aa1.jpg
R20260325041#SAVF-48926-260004;b3fa242329e4363195e88407c4cb334e.jpg
R20260325042#SAVF-48926-260005;3e58c595976e4c8f70f16c7513d3b5ff.pdf
R20260325042#SAVF-48926-260005;2379550baa843c8c1a6e5074dd1191cb.jpg
R20260325042#SAVF-48926-260005;a65b4b834f04e731c961d9d74ad3e1cd.jpg
R20260325043#SAVF-59155-260002;7e1c89713c91e1987cc77f574f5af7a3.pdf
R20260325043#SAVF-59155-260002;12c7e7f803d18e93a69b128ed3ed42e1.pdf
R20260325043#SAVF-59155-260002;2eacd4992bd103461f3008140a4d02db.pdf
R20260325045#SAVF-50064-260007;0e9dc4999219d45b132d4d001055f95b.jpg
R20260325045#SAVF-50064-260007;00d2466880f41b570d377a09ae64ac9f.jpg
R20260325045#SAVF-50064-260007;6a7c899582a037cff9482a1013b03ffd.jpg
R20260325045#SAVF-50064-260007;65d2ed75383d56bdf2a47ef45071d7c0.jpg
R20260325045#SAVF-50064-260007;fe3b686473fa4e0f65b383c3347cfc12.jpg
R20260325046#SAVF-50064-260008;8c9483d1fc66e1ae29f8765447b3d497.jpg
R20260325047#SAVF-50911-260024;598bd71d530c124887cb403884b39cd1.pdf
R20260325048#SAVF-49788-260029;da621390b3d17eaa22c004e44667dc80.jpg
R20260325049#SAVF-49332-260001;ebe789f1ed2cb129d9360768fda5b89a.jpg
R20260325049#SAVF-49332-260001;936fed5f6de49685ba470b460c9cee40.jpg
R20260325049#SAVF-49332-260001;5539c308ee869d7798125528e94e6e99.jpg
R20260325055#SAVF-60050-260003;fb5a6dc9e44c4440042ab9dcff51ac59.pdf
R20260325055#SAVF-60050-260003;4d8fedec1ee30081ba57c5d917aa97d0.pdf
R20260325055#SAVF-60050-260003;b920c543d58260d583a191b4c429c141.pdf
R20260325055#SAVF-60050-260003;1538efd8d310a2427513b2aab0edc2fc.pdf
R20260325059#SAVF-52197-260012;0ff8c4732bbc03ef87749bd2210118e9.jpg
R20260325060#SAVF-58589-260031;d3c6d3f0645fbce7801df967a5fb93b3.jpg
R20260325063#SAVF-51761-260005;e81016d5b831f83e428ba74d6aab4326.jpg
R20260325063#SAVF-51761-260005;5363c0eaf750429f71ae62930f800523.pdf
R20260325064#SAVF-47831-260013;cebe9d3d36355db3f0cb1b483b38dd5e.pdf
R20260325065#SAVF-51179-260002;1569a27ff8aea1d5e5978bd39e64fcce.jpg
R20260325068#SAVF-52617-260007;532c81f1c8342d9766a51826e6791d81.jpg
R20260325068#SAVF-52617-260007;be91e4abecbe7bbad24521abf8a9ccb6.jpg
R20260325069#SAVF-52617-260008;93783acec4e54e9e27f7da60fcc463fd.jpg
R20260325077#SAVF-54048-260003;fd9a491cd119e382325cf3453ed6d589.jpeg
R20260325077#SAVF-54048-260003;97b49f6db7ad5e1d8191f69882a0d37b.PNG
R20260325081#SAVF-48993-260001;95b427761977665687a527ce540e55c6.jpeg
R20260325081#SAVF-48993-260001;8cf050636b5399fa0adba1d27c90428d.jpeg
R20260325081#SAVF-48993-260001;776f190e10aff0ef76c0d265c21f9eb4.jpeg
R20260326003#SAVF-48073-260006;80d7bb78c16755d7a6a946f68da26734.pdf
R20260326003#SAVF-48073-260006;902a4b962ab89d623623f3dec19d6e86.jpg
R20260326003#SAVF-48073-260006;2de39066bf8024b8d4bea070095a35c4.jpg
R20260326006#SAVF-57563-260001;9cf44e7c667286bd75a50d55eb97d5f8.jpg
R20260326007#SAVF-56717-260006;584477a93f07c7723b3d75b9b64a61c6.jpeg
R20260326008#SAVF-56717-260007;725a63cc3c6e46ee7f6b7f5a6230bfe1.jpeg
R20260326011#SAVF-60349-260001;3c5bfe6295866acd0293f747abc7d396.JPG
R20260326011#SAVF-60349-260001;b6228f9b419f58eb305eadb5399ef94a.JPG
R20260326011#SAVF-60349-260001;9ea796ebc22b9f82a95a84eb7236e8e7.JPG
R20260326011#SAVF-60349-260001;0ee11a7bf72e0453ce7a1b047ba33cad.JPG
R20260326012#SAVF-58934-260006;231b8818a10eec6648e29abfa7a39c4d.jpeg
R20260326012#SAVF-58934-260006;d3c1a3a59dfd50b13299f3ea1f6ef737.jpg
R20260326012#SAVF-58934-260006;0dfe4468ba8a054a515303da85f7a9f0.jpg
R20260326016#SAVF-60349-260002;9b50aa0f995939cb13161b9dffab3358.jpg
R20260326017#SAVF-54376-260008;d0add8efdc848f858981d32a5bc6af6c.JPG
R20260326018#SAVF-54376-260009;fcdf7c44fd27c66c415b9652c85a8db5.JPG
R20260326018#SAVF-54376-260009;aca4501b628cd957b43c317cc0c72c08.JPG
R20260326019#SAVF-50363-260007;7318acb9909542263273347222ae032f.jpg
R20260326019#SAVF-50363-260007;6eb6a346e7232a9cb4a5dce48ebbb988.jpg
R20260326019#SAVF-50363-260007;045362f84d03c96b5a536f618fc36c03.jpg
R20260326019#SAVF-50363-260007;ef62261992de941fe3020735ecfc7f29.jpg
R20260326024#SAVF-47171-260007;3e527ee31548f627f891e86d0ed6af18.jpg
R20260326024#SAVF-47171-260007;a3446dc2d0da6c56fc4408b97dea6f40.jpg
R20260326024#SAVF-47171-260007;fe7a5bb5d34dbb305ced0caf9b226bcc.pdf
R20260326026#SAVF-47720-260012;30f84498f01d6cd54121e92c27e9edc6.jpg
R20260326027#SAVF-48992-260016;9b0beab52c30e45a6d5f2c01724e3628.png
R20260326031#SAVF-47575-260028;d6d2da70538b6128b938b2e197a307aa.jpg
R20260326031#SAVF-47575-260028;15068f151158a549944a599f6e9cdc96.jpg
R20260326031#SAVF-47575-260028;fa42f4bc2eadd8eb3fcc25889da6aa62.jpg
R20260326031#SAVF-47575-260028;410e3c187bccafeb645ebe0da53b367c.pdf
R20260326033#SAVF-47758-260006;fa1928a1bdd30d45f97947e2da805bab.pdf
R20260326033#SAVF-47758-260006;f03ed2aac0ef6699d266102562e37255.pdf
R20260326035#SAVF-53656-260003;d96e70b0f02576275ddc7d499376ddad.jpg
R20260326039#SAVF-50074-260010;ad9133533008e4f288b76b6fa004d86a.png
R20260326039#SAVF-50074-260010;4f2136e7a5bd7fe3a53d6944b4e77a2c.png
R20260326039#SAVF-50074-260010;7a5d583c240498bbc7de3c3caa925053.png
R20260326039#SAVF-50074-260010;9f2ce8befc853d5e742ccf2c714fa454.png
R20260326040#SAVF-49468-260002;fc81fa1b09a7db20bd641ebd7dd486cf.jpg
R20260326040#SAVF-49468-260002;6d9d2ed0b98ddd8d25d1879f580f3574.jpg
R20260326044#SAVF-47159-260011;704eed4f7897a17ce169cb09443b07f8.jpg
R20260326049#SAVF-48798-260016;c11f8625c99243431371c29ea76d5d6c.jpg
R20260326051#SAVF-49740-260014;a773976ad45a5cf172c2ce77535671c7.jpg
R20260326051#SAVF-49740-260014;7508e8eeaef39ae45101fb627447aca8.jpg
R20260326051#SAVF-49740-260014;9bfc65bb61c86d0efaf6833118b38987.jpg
R20260326051#SAVF-49740-260014;e4d43f85d578fef8ae3f82bc8b9306e7.jpg
R20260326051#SAVF-49740-260014;856cc9a7c946450c1355028b5e54effb.jpg
R20260326052#SAVF-52143-260036;9c211d3c614d1c7e43dfc59ed81b8c86.jpg
R20260326053#SAVF-54664-260001;fe267ef70917e0ea45de002f38067af9.jpg
R20260326054#SAVF-50624-260001;82935bde0bdbb168cc63ff7c2222b35f.jpg
R20260326054#SAVF-50624-260001;7e7d27944a5f8d72c061aaf4e104919d.jpg
R20260326055#SAVF-60738-260002;090e7c340e151d9acb0773d073cc93db.pdf
R20260326055#SAVF-60738-260002;9bc8d6874b7033754648b0823709e4bf.pdf
R20260326055#SAVF-60738-260002;56938532951c96566c68b0bddaf2635a.pdf
R20260326056#SAVF-51709-260005;c5507806b9794c29a61f94054abbfa65.jpg
R20260326056#SAVF-51709-260005;82106da105c6d52dd6987d8432c69b92.JPG
R20260326057#SAVF-52225-260003;90412297a3178d72dfb2bb2ba7bc1e81.jpg
R20260326057#SAVF-52225-260003;0911ae527324b864f8f26580982c9f3b.jpg
R20260326057#SAVF-52225-260003;3e8fa47a253ed2bc32a4ddcce827986b.jpg
R20260326060#SAVF-47896-260032;7419d27fc28a5ab110a946053b740f1d.jpg
R20260326060#SAVF-47896-260032;f708d89df93b539c40fd7b81aa542672.jpg
R20260326065#SAVF-48496-260006;8d82ec6f9301d3b395225ecbad5f5b1b.pdf
R20260326068#SAVF-50593-260005;995e041550900be93b7db05320931e69.jpg
R20260326068#SAVF-50593-260005;e132fa5586a8eda10b8100e16ee918c5.jpg
R20260326068#SAVF-50593-260005;81ef7b16f0519a662fd01e2e6490c873.jpg
R20260326068#SAVF-50593-260005;1abc223a27d79aee8af408ac8e1728b9.jpg
R20260326068#SAVF-50593-260005;fac20eaab5522548432b190b5deabff4.jpg
R20260327006#SAVF-47575-260029;e3d9312c627d64bb1fe6dc9502857890.jpg
R20260327006#SAVF-47575-260029;33bf94774f5469a0ec50d100a92c8164.jpg
R20260327007#SAVF-57369-260002;4ea961459c12bf4e0a3e6aaa349a2f93.jpg
R20260327007#SAVF-57369-260002;56871e4a2325dd0d9dd5e62064708e8f.jpg
R20260327008#SAVF-50563-260039;05d1805c79f37f29bce0eb2f0748ef6f.jpg
R20260327008#SAVF-50563-260039;f1e77e71d23a79e921e408611d8fd8af.jpg
R20260327009#SAVF-51383-260008;22bea365c0ddb05d8c63b210c216eb06.jpeg
R20260327009#SAVF-51383-260008;72e9cd5ca7ce5ea1e8f593d5dd3a2da6.jpeg
R20260327010#SAVF-47171-260008;b5761220cc06dd34ebc87ca53860367e.pdf
R20260327011#SAVF-51008-260018;790faf6bebb3dac84c413a29e1644df7.png
R20260327014#SAVF-51657-260007;bd965615ed80bd26ac1d7741a424229b.jpg
R20260327015#SAVF-50563-260040;c41447b8ba2139e17c51bad8dfb9aec0.jpg
R20260327020#SAVF-50062-260027;c93012df76b5e09563844c8a268b2c7a.jpg
R20260327020#SAVF-50062-260027;2061ceb5bed1654cc3fda3ed1629f032.jpg
R20260327020#SAVF-50062-260027;063aec44f4ea9135163dc272eb2a6da4.jpg
R20260327025#SAVF-47578-260003;dd9baeab3d05189bee79513534b2d26c.jpg
R20260327027#SAVF-47231-260017;d41935a837bb3ec77fdf30bb48a1b286.jpg
R20260327028#SAVF-60022-260001;98086a00b4f648f3e8fed9dfac90d3e5.jpg
R20260327028#SAVF-60022-260001;da54fd07fd08d8239fdc07bc7688ff2a.jpg
R20260327028#SAVF-60022-260001;622c8080286ead1549ad582d18a56903.jpg
R20260327029#SAVF-58286-260001;a9c6576b1b632216e86f736c0cf830d7.pdf
R20260327030#SAVF-58689-260001;40937b7a681382706a18b048843d8f93.jpg
R20260327031#SAVF-48636-260012;5d3848fc6a6b181ca9ce4a28b932f8fe.png
R20260327032#SAVF-49893-260009;a8ca4d411ab6e2053bc10fe2113bd729.jpg
R20260327032#SAVF-49893-260009;3713271d214183b9c4df31c0db042465.jpg
R20260327032#SAVF-49893-260009;e90f2ea2e15eac3abdb980bd8c6ded69.jpg
R20260327033#SAVF-58286-260002;0beacbb77d6ef678fbe5ecbfb2b1da06.pdf
R20260327037#SAVF-58402-260003;67e795fdc2936e793f126f6946d68ff1.jpeg
R20260327037#SAVF-58402-260003;fe3dba1d07bacce61c7f25feb9cb79fc.jpeg
R20260327039#SAVF-58402-260004;5ef5d4010d75b1dec23ee3cd70cab6f6.jpg
R20260327039#SAVF-58402-260004;9804559e0e085f1b8da184e2f9054df5.jpg
R20260327039#SAVF-58402-260004;9d998b90a9fd084a80b2d0d9ad1fd4e2.jpg
R20260327039#SAVF-58402-260004;0af4bedaaf0a2f239a97670c0abb1e4e.jpg
R20260327039#SAVF-58402-260004;bcdd8b14b0666e6795c3a5b08607a450.jpeg
R20260327043#SAVF-47896-260035;dd740ce911919ff8a9d7d9e3b3c8b83b.jpg
R20260327043#SAVF-47896-260035;bbabbc1a1e77b12a329f382ccc029dad.jpg
R20260327043#SAVF-47896-260035;2af7e9e3e395e9a4d4d7fc5affc64fda.jpg
R20260327046#SAVF-52034-260002;714bf3c0f8e27f8b2cbbca7e134cacb8.jpg
R20260327048#SAVF-51699-260020;4491aa050601ec2558f78ca7a48785ca.jpeg
R20260327048#SAVF-51699-260020;f0a641c147d7376403909efeace8468a.jpeg
R20260327049#SAVF-52197-260014;ab974e5126b4750665811d255bcc7f5b.jpg
R20260327049#SAVF-52197-260014;8e58a11143efc8748a054f4e19d69bbe.jpg
R20260327052#SAVF-55367-260002;ee948cece9d3faed6b339355b7ac2099.jpg
R20260327052#SAVF-55367-260002;cf840b3f5f5069939311b5c740ece847.jpg
R20260327056#SAVF-51450-260010;158911b78d83cfaf537ded406d8c064e.jpg
R20260327057#SAVF-51277-260002;e59d403bc0189ee4170084b3ec9142a8.jpeg
R20260327057#SAVF-51277-260002;e84c935dfa30963cdbe7fa168a93f881.jpeg
R20260327057#SAVF-51277-260002;23dc91e8689ac3a816c92efcd8f59def.jpeg
R20260327057#SAVF-51277-260002;4776b3b4ff6aa1d18e53f45172428e3c.jpeg
R20260327057#SAVF-51277-260002;10438c0cb370fe27e4c0fb2b1dd76f4a.jpeg
R20260327057#SAVF-51277-260002;e6d66766778ec60619fe1cfdcdba8242.jpeg
R20260327057#SAVF-51277-260002;9bdf280325efaf362279e53054fe1c6e.jpeg
R20260327058#SAVF-52197-260015;6de442526096e9205a4dd6d80872f20e.jpg
R20260327058#SAVF-52197-260015;d6eca28315ecc985ac746e7c51a4d663.jpg
R20260327059#SAVF-51277-260003;8d41b9f31592dd8b4f82a5b4c09e55c1.jpeg
R20260327059#SAVF-51277-260003;a407f95be4eeaae1d60a5787556cb0c5.jpeg
R20260327060#SAVF-49171-260006;24e5ff61cd93144c89e275362297ea1a.jpeg
R20260327061#SAVF-48905-260003;fa4c84be2774cadc7f5b96ae7d976c17.jpg
R20260327061#SAVF-48905-260003;fb8d9ec91904fe40a3c4acc7b2f90202.jpg
R20260327061#SAVF-48905-260003;6d8a568612faebd4ddb0b0e5cb183fa2.jpg
R20260327062#SAVF-49099-260008;5dbd9fe095fad35591dc68a4ac63c235.pdf
R20260327062#SAVF-49099-260008;75b03ae6e698c5b8d34d43c535c9d2c6.pdf
R20260327063#SAVF-48613-260003;a793c6690a9878ed32d049e4e09f1e33.jpg
R20260327064#SAVF-51553-260003;657acd13d6501134b940682216680ba6.jpg
R20260327065#SAVF-59028-260010;dfc56ac2c16d8025d2e6fdd1c0ebaf3e.jpg
R20260327066#SAVF-49468-260003;8fcff4fada8881174d1d18174bcff969.jpeg
R20260327066#SAVF-49468-260003;164ee234732a0f1caf67983247ce6c13.jpeg
R20260327066#SAVF-49468-260003;6e38167bf9920adcea562852dc794f9e.jpeg
R20260327066#SAVF-49468-260003;b56cc22b67f36b359ebf2173f598c26f.jpeg
R20260327066#SAVF-49468-260003;5c157765b9bfc7b181cbb2a8f1831d8b.jpeg
R20260327066#SAVF-49468-260003;74caa263e816c157222a3ae536703797.jpeg
R20260327066#SAVF-49468-260003;ab2b76961baeb25a9b28adb86c5397cf.jpeg
R20260327066#SAVF-49468-260003;3457f9f6536156047db6fd0414365667.jpeg
R20260327067#SAVF-50079-260001;130430c5ffa1aa5a924a5be1752de817.pdf
R20260327068#SAVF-51423-260002;2dc279a59d384e852eb280899dcf60ee.jpeg
R20260327068#SAVF-51423-260002;07e444f162cff7b959569773d6959b22.jpeg
R20260327068#SAVF-51423-260002;f254e4231c7ae4c92f9f58bbb5d1272f.jpeg
R20260327069#SAVF-48516-260013;1d696fcb021e9fbc0b7fd8da7e4f7c5f.jpg
R20260327070#SAVF-49622-260003;cf21e53c56c614614cb86844cbb11ee0.jpg
R20260327071#SAVF-48802-260015;07f140fc6d9a0bde29ad4395ce6a95b9.JPG
R20260327071#SAVF-48802-260015;68a3cd70a8be6e697beba75ed04cb24a.jpg
